,Clip,Frame,IP,Selection,Label,Correct
1,Danny_Standing_clip6,48,65.31.180.86,1B,1B,True
2,Danny_Standing_clip6,48,174.50.86.53,1B,1B,True
3,Danny_Standing_clip6,48,166.137.252.96,1B,1B,True
4,Danny_Standing_clip6,48,73.174.148.148,1B,1B,True
5,Danny_Standing_clip6,48,73.110.34.66,1B,1B,True
6,Danny_Standing_clip6,48,98.235.134.55,1B,1B,True
7,Danny_Standing_clip6,48,73.139.146.195,1B,1B,True
8,Danny_Standing_clip6,48,75.164.34.213,1B,1B,True
9,Danny_Standing_clip6,48,68.96.169.162,2B,1B,False
10,Danny_Standing_clip6,48,74.220.142.146,1B,1B,True
11,Danny_Standing_clip6,48,104.11.61.83,1B,1B,True
12,Danny_Standing_clip6,48,157.51.231.246,1B,1B,True
13,Danny_Standing_clip6,48,71.229.185.191,1B,1B,True
14,Danny_Standing_clip6,48,137.97.83.189,1B,1B,True
15,Danny_Standing_clip6,48,157.50.94.146,1B,1B,True
16,Danny_Standing_clip6,48,71.105.180.164,1B,1B,True
17,Danny_Standing_clip6,48,173.88.65.163,1B,1B,True
18,Danny_Standing_clip6,48,142.196.129.55,1B,1B,True
19,Danny_Standing_clip6,48,153.91.61.183,1B,1B,True
20,Danny_Standing_clip6,48,96.91.176.162,1B,1B,True
21,Danny_Standing_clip6,48,208.66.88.198,1B,1B,True
22,Danny_Standing_clip6,48,24.175.68.0,1B,1B,True
24,Danny_Standing_clip3,48,65.31.180.86,1R,1R,True
25,Danny_Standing_clip3,48,174.50.86.53,3B,1R,False
26,Danny_Standing_clip3,48,73.174.148.148,1R,1R,True
27,Danny_Standing_clip3,48,73.110.34.66,1R,1R,True
28,Danny_Standing_clip3,48,98.235.134.55,1R,1R,True
29,Danny_Standing_clip3,48,98.235.134.55,1R,1R,True
30,Danny_Standing_clip3,48,73.148.231.128,1R,1R,True
31,Danny_Standing_clip3,48,73.139.146.195,1R,1R,True
32,Danny_Standing_clip3,48,75.164.34.213,1R,1R,True
33,Danny_Standing_clip3,48,68.96.169.162,1R,1R,True
34,Danny_Standing_clip3,48,157.51.231.246,1R,1R,True
35,Danny_Standing_clip3,48,71.8.86.183,1R,1R,True
36,Danny_Standing_clip3,48,71.229.185.191,1R,1R,True
37,Danny_Standing_clip3,48,97.103.24.42,1R,1R,True
38,Danny_Standing_clip3,48,24.20.124.0,1R,1R,True
39,Danny_Standing_clip3,48,137.97.83.189,1R,1R,True
40,Danny_Standing_clip3,48,173.2.201.11,1R,1R,True
41,Danny_Standing_clip3,48,71.105.180.164,1R,1R,True
42,Danny_Standing_clip3,48,216.110.214.42,1R,1R,True
43,Danny_Standing_clip3,48,157.51.231.246,1R,1R,True
44,Danny_Standing_clip3,48,96.91.176.162,1R,1R,True
45,Danny_Standing_clip3,48,192.3.231.20,1R,1R,True
46,Danny_Standing_clip3,48,24.175.68.0,1R,1R,True
48,Danny_Standing_clip5,60,65.31.180.86,2B,2B,True
49,Danny_Standing_clip5,60,174.50.86.53,2B,2B,True
50,Danny_Standing_clip5,60,166.137.252.96,1B,2B,False
51,Danny_Standing_clip5,60,73.148.231.128,2B,2B,True
52,Danny_Standing_clip5,60,73.139.146.195,2B,2B,True
53,Danny_Standing_clip5,60,75.164.34.213,2B,2B,True
54,Danny_Standing_clip5,60,74.220.142.146,2B,2B,True
55,Danny_Standing_clip5,60,104.11.61.83,2B,2B,True
56,Danny_Standing_clip5,60,157.51.231.246,2B,2B,True
57,Danny_Standing_clip5,60,71.8.86.183,2B,2B,True
58,Danny_Standing_clip5,60,97.103.24.42,2B,2B,True
59,Danny_Standing_clip5,60,24.20.124.0,2B,2B,True
60,Danny_Standing_clip5,60,173.2.201.11,2B,2B,True
61,Danny_Standing_clip5,60,157.50.94.146,1B,2B,False
62,Danny_Standing_clip5,60,71.105.180.164,2B,2B,True
63,Danny_Standing_clip5,60,216.110.214.42,2B,2B,True
64,Danny_Standing_clip5,60,157.51.231.246,2B,2B,True
65,Danny_Standing_clip5,60,173.88.65.163,2B,2B,True
66,Danny_Standing_clip5,60,142.196.129.55,1B,2B,False
67,Danny_Standing_clip5,60,153.91.61.183,2B,2B,True
68,Danny_Standing_clip5,60,96.91.176.162,2B,2B,True
69,Danny_Standing_clip5,60,208.66.88.198,2B,2B,True
70,Danny_Standing_clip5,60,192.3.231.20,2B,2B,True
71,Danny_Standing_clip5,60,24.175.68.0,2B,2B,True
73,Danny_Standing_clip2,66,65.31.180.86,3G,3G,True
74,Danny_Standing_clip2,66,174.50.86.53,2G,3G,False
75,Danny_Standing_clip2,66,166.137.252.96,2G,3G,False
76,Danny_Standing_clip2,66,73.174.148.148,3G,3G,True
77,Danny_Standing_clip2,66,73.110.34.66,2G,3G,False
78,Danny_Standing_clip2,66,98.235.134.55,1G,3G,False
79,Danny_Standing_clip2,66,73.148.231.128,2G,3G,False
80,Danny_Standing_clip2,66,75.164.34.213,1G,3G,False
81,Danny_Standing_clip2,66,68.96.169.162,1G,3G,False
82,Danny_Standing_clip2,66,74.220.142.146,1G,3G,False
83,Danny_Standing_clip2,66,71.8.86.183,2G,3G,False
84,Danny_Standing_clip2,66,71.229.185.191,1G,3G,False
85,Danny_Standing_clip2,66,97.103.24.42,1G,3G,False
86,Danny_Standing_clip2,66,24.20.124.0,2G,3G,False
87,Danny_Standing_clip2,66,137.97.83.189,2G,3G,False
88,Danny_Standing_clip2,66,173.2.201.11,3G,3G,True
89,Danny_Standing_clip2,66,157.50.94.146,3G,3G,True
90,Danny_Standing_clip2,66,71.105.180.164,1G,3G,False
91,Danny_Standing_clip2,66,216.110.214.42,3G,3G,True
92,Danny_Standing_clip2,66,157.51.231.246,2G,3G,False
93,Danny_Standing_clip2,66,173.88.65.163,3G,3G,True
94,Danny_Standing_clip2,66,142.196.129.55,2G,3G,False
95,Danny_Standing_clip2,66,75.32.5.219,2G,3G,False
96,Danny_Standing_clip2,66,153.91.61.183,1G,3G,False
97,Danny_Standing_clip2,66,96.91.176.162,1G,3G,False
98,Danny_Standing_clip2,66,208.66.88.198,1G,3G,False
99,Danny_Standing_clip2,66,192.3.231.20,2G,3G,False
100,Danny_Standing_clip2,66,24.175.68.0,1G,3G,False
102,Danny_Standing_clip4,59,65.31.180.86,1W,1W,True
103,Danny_Standing_clip4,59,174.50.86.53,1W,1W,True
104,Danny_Standing_clip4,59,166.137.252.96,1W,1W,True
105,Danny_Standing_clip4,59,73.174.148.148,1W,1W,True
106,Danny_Standing_clip4,59,98.235.134.55,1W,1W,True
107,Danny_Standing_clip4,59,73.148.231.128,1W,1W,True
108,Danny_Standing_clip4,59,73.139.146.195,1W,1W,True
109,Danny_Standing_clip4,59,68.96.169.162,3W,1W,False
110,Danny_Standing_clip4,59,74.220.142.146,1W,1W,True
111,Danny_Standing_clip4,59,104.11.61.83,1W,1W,True
112,Danny_Standing_clip4,59,157.51.231.246,1W,1W,True
113,Danny_Standing_clip4,59,71.8.86.183,1W,1W,True
114,Danny_Standing_clip4,59,71.229.185.191,1W,1W,True
115,Danny_Standing_clip4,59,97.103.24.42,1W,1W,True
116,Danny_Standing_clip4,59,24.20.124.0,1W,1W,True
117,Danny_Standing_clip4,59,137.97.83.189,1W,1W,True
118,Danny_Standing_clip4,59,173.2.201.11,1W,1W,True
119,Danny_Standing_clip4,59,157.50.94.146,1W,1W,True
120,Danny_Standing_clip4,59,216.110.214.42,1W,1W,True
121,Danny_Standing_clip4,59,73.139.146.195,1W,1W,True
122,Danny_Standing_clip4,59,157.51.231.246,1W,1W,True
123,Danny_Standing_clip4,59,173.88.65.163,1W,1W,True
124,Danny_Standing_clip4,59,142.196.129.55,1W,1W,True
125,Danny_Standing_clip4,59,153.91.61.183,1W,1W,True
126,Danny_Standing_clip4,59,208.66.88.198,1W,1W,True
127,Danny_Standing_clip4,59,192.3.231.20,1W,1W,True
128,Danny_Standing_clip4,59,24.175.68.0,1W,1W,True
130,Shira_Standing_clip10,31,65.31.180.86,1G,1G,True
131,Shira_Standing_clip10,28,174.50.86.53,1G,1G,True
132,Shira_Standing_clip10,35,98.235.134.55,1G,1G,True
133,Shira_Standing_clip10,27,73.148.231.128,1G,1G,True
134,Shira_Standing_clip10,30,73.139.146.195,1G,1G,True
135,Shira_Standing_clip10,35,75.164.34.213,1G,1G,True
136,Shira_Standing_clip10,28,68.96.169.162,1G,1G,True
137,Shira_Standing_clip10,29,74.220.142.146,1G,1G,True
138,Shira_Standing_clip10,32,104.11.61.83,1G,1G,True
139,Shira_Standing_clip10,35,157.51.231.246,1G,1G,True
140,Shira_Standing_clip10,30,71.8.86.183,1G,1G,True
141,Shira_Standing_clip10,33,71.229.185.191,1G,1G,True
142,Shira_Standing_clip10,32,97.103.24.42,1G,1G,True
143,Shira_Standing_clip10,24,24.20.124.0,1G,1G,True
144,Shira_Standing_clip10,29,137.97.83.189,1G,1G,True
145,Shira_Standing_clip10,32,173.2.201.11,1G,1G,True
146,Shira_Standing_clip10,34,157.50.94.146,1G,1G,True
147,Shira_Standing_clip10,36,71.105.180.164,1G,1G,True
148,Shira_Standing_clip10,30,216.110.214.42,1G,1G,True
149,Shira_Standing_clip10,33,73.139.146.195,1G,1G,True
150,Shira_Standing_clip10,33,157.51.231.246,1G,1G,True
151,Shira_Standing_clip10,32,173.88.65.163,1G,1G,True
152,Shira_Standing_clip10,26,142.196.129.55,1G,1G,True
153,Shira_Standing_clip10,32,153.91.61.183,1G,1G,True
154,Shira_Standing_clip10,27,96.91.176.162,1G,1G,True
155,Shira_Standing_clip10,35,208.66.88.198,1G,1G,True
156,Shira_Standing_clip10,29,192.3.231.20,1G,1G,True
157,Shira_Standing_clip10,32,24.175.68.0,1G,1G,True
159,Tao_Standing_clip12,47,65.31.180.86,1R,1R,True
160,Tao_Standing_clip12,37,174.50.86.53,1R,1R,True
161,Tao_Standing_clip12,39,73.174.148.148,1R,1R,True
162,Tao_Standing_clip12,51,73.110.34.66,1R,1R,True
163,Tao_Standing_clip12,51,98.235.134.55,1R,1R,True
164,Tao_Standing_clip12,40,73.148.231.128,1R,1R,True
165,Tao_Standing_clip12,42,73.139.146.195,1R,1R,True
166,Tao_Standing_clip12,44,75.164.34.213,1R,1R,True
167,Tao_Standing_clip12,34,68.96.169.162,1R,1R,True
168,Tao_Standing_clip12,52,74.220.142.146,1R,1R,True
169,Tao_Standing_clip12,46,104.11.61.83,1R,1R,True
170,Tao_Standing_clip12,53,157.51.231.246,1R,1R,True
171,Tao_Standing_clip12,50,71.8.86.183,1R,1R,True
172,Tao_Standing_clip12,45,71.229.185.191,1R,1R,True
173,Tao_Standing_clip12,41,97.103.24.42,1R,1R,True
174,Tao_Standing_clip12,32,24.20.124.0,1R,1R,True
175,Tao_Standing_clip12,42,137.97.83.189,1R,1R,True
176,Tao_Standing_clip12,53,173.2.201.11,1R,1R,True
177,Tao_Standing_clip12,54,157.50.94.146,1R,1R,True
178,Tao_Standing_clip12,50,216.110.214.42,1R,1R,True
179,Tao_Standing_clip12,41,73.139.146.195,1R,1R,True
180,Tao_Standing_clip12,52,157.51.231.246,1R,1R,True
181,Tao_Standing_clip12,39,173.88.65.163,1R,1R,True
182,Tao_Standing_clip12,37,142.196.129.55,1R,1R,True
183,Tao_Standing_clip12,49,153.91.61.183,1R,1R,True
184,Tao_Standing_clip12,42,96.91.176.162,1R,1R,True
185,Tao_Standing_clip12,48,208.66.88.198,1R,1R,True
186,Tao_Standing_clip12,50,192.3.231.20,1R,1R,True
187,Tao_Standing_clip12,44,24.175.68.0,1R,1R,True
189,Shira_Standing_clip5,65,65.31.180.86,4G,4G,True
190,Shira_Standing_clip5,56,174.50.86.53,3G,4G,False
191,Shira_Standing_clip5,51,73.174.148.148,3G,4G,False
192,Shira_Standing_clip5,55,73.110.34.66,3G,4G,False
193,Shira_Standing_clip5,57,73.148.231.128,3G,4G,False
194,Shira_Standing_clip5,63,73.139.146.195,4G,4G,True
195,Shira_Standing_clip5,71,75.164.34.213,4G,4G,True
196,Shira_Standing_clip5,51,68.96.169.162,3G,4G,False
197,Shira_Standing_clip5,61,74.220.142.146,3G,4G,False
198,Shira_Standing_clip5,56,104.11.61.83,3G,4G,False
199,Shira_Standing_clip5,58,157.51.231.246,3G,4G,False
200,Shira_Standing_clip5,54,71.8.86.183,3G,4G,False
201,Shira_Standing_clip5,52,71.229.185.191,3G,4G,False
202,Shira_Standing_clip5,62,97.103.24.42,4G,4G,True
203,Shira_Standing_clip5,48,137.97.83.189,3G,4G,False
204,Shira_Standing_clip5,54,173.2.201.11,3G,4G,False
205,Shira_Standing_clip5,60,157.50.94.146,3G,4G,False
206,Shira_Standing_clip5,53,216.110.214.42,3G,4G,False
207,Shira_Standing_clip5,56,73.139.146.195,3G,4G,False
208,Shira_Standing_clip5,55,157.51.231.246,3G,4G,False
209,Shira_Standing_clip5,55,173.88.65.163,3G,4G,False
210,Shira_Standing_clip5,52,142.196.129.55,3G,4G,False
211,Shira_Standing_clip5,60,153.91.61.183,4G,4G,True
212,Shira_Standing_clip5,47,96.91.176.162,3G,4G,False
213,Shira_Standing_clip5,57,208.66.88.198,3G,4G,False
214,Shira_Standing_clip5,54,192.3.231.20,4G,4G,True
215,Shira_Standing_clip5,54,24.175.68.0,3G,4G,False
217,Shira_Standing_clip12,58,65.31.180.86,4B,4B,True
218,Shira_Standing_clip12,53,174.50.86.53,4B,4B,True
219,Shira_Standing_clip12,51,73.174.148.148,4B,4B,True
220,Shira_Standing_clip12,54,73.110.34.66,4B,4B,True
221,Shira_Standing_clip12,55,98.235.134.55,4B,4B,True
222,Shira_Standing_clip12,49,73.148.231.128,3B,4B,False
223,Shira_Standing_clip12,55,73.139.146.195,4B,4B,True
224,Shira_Standing_clip12,54,75.164.34.213,4B,4B,True
225,Shira_Standing_clip12,49,68.96.169.162,4B,4B,True
226,Shira_Standing_clip12,54,74.220.142.146,4B,4B,True
227,Shira_Standing_clip12,52,104.11.61.83,4B,4B,True
228,Shira_Standing_clip12,50,157.51.231.246,4B,4B,True
229,Shira_Standing_clip12,54,71.8.86.183,4B,4B,True
230,Shira_Standing_clip12,63,71.229.185.191,4B,4B,True
231,Shira_Standing_clip12,48,97.103.24.42,4B,4B,True
232,Shira_Standing_clip12,49,137.97.83.189,4B,4B,True
233,Shira_Standing_clip12,49,173.2.201.11,4B,4B,True
234,Shira_Standing_clip12,55,157.50.94.146,4B,4B,True
235,Shira_Standing_clip12,56,71.105.180.164,4B,4B,True
236,Shira_Standing_clip12,56,216.110.214.42,4B,4B,True
237,Shira_Standing_clip12,54,73.139.146.195,4B,4B,True
238,Shira_Standing_clip12,51,173.88.65.163,4B,4B,True
239,Shira_Standing_clip12,50,142.196.129.55,4B,4B,True
240,Shira_Standing_clip12,52,153.91.61.183,4B,4B,True
241,Shira_Standing_clip12,42,96.91.176.162,3B,4B,False
242,Shira_Standing_clip12,52,192.3.231.20,4B,4B,True
244,Shira_Standing_clip6,42,65.31.180.86,3B,3B,True
245,Shira_Standing_clip6,34,174.50.86.53,3B,3B,True
246,Shira_Standing_clip6,36,73.174.148.148,3B,3B,True
247,Shira_Standing_clip6,41,73.110.34.66,3B,3B,True
248,Shira_Standing_clip6,45,98.235.134.55,3B,3B,True
249,Shira_Standing_clip6,37,73.148.231.128,3B,3B,True
250,Shira_Standing_clip6,53,73.139.146.195,3B,3B,True
251,Shira_Standing_clip6,39,75.164.34.213,3B,3B,True
252,Shira_Standing_clip6,30,68.96.169.162,3B,3B,True
253,Shira_Standing_clip6,31,74.220.142.146,2B,3B,False
254,Shira_Standing_clip6,36,104.11.61.83,4B,3B,False
255,Shira_Standing_clip6,37,157.51.231.246,3B,3B,True
256,Shira_Standing_clip6,42,71.8.86.183,3B,3B,True
257,Shira_Standing_clip6,49,71.229.185.191,3B,3B,True
258,Shira_Standing_clip6,40,97.103.24.42,3B,3B,True
259,Shira_Standing_clip6,38,24.20.124.0,3B,3B,True
260,Shira_Standing_clip6,32,137.97.83.189,3B,3B,True
261,Shira_Standing_clip6,36,173.2.201.11,3B,3B,True
262,Shira_Standing_clip6,43,157.50.94.146,3B,3B,True
263,Shira_Standing_clip6,40,71.105.180.164,3B,3B,True
264,Shira_Standing_clip6,43,216.110.214.42,3B,3B,True
265,Shira_Standing_clip6,43,73.139.146.195,3B,3B,True
266,Shira_Standing_clip6,40,157.51.231.246,3B,3B,True
267,Shira_Standing_clip6,40,173.88.65.163,3B,3B,True
268,Shira_Standing_clip6,34,142.196.129.55,3B,3B,True
269,Shira_Standing_clip6,37,153.91.61.183,3B,3B,True
270,Shira_Standing_clip6,40,208.66.88.198,3B,3B,True
271,Shira_Standing_clip6,42,192.3.231.20,3B,3B,True
272,Shira_Standing_clip6,39,24.175.68.0,3B,3B,True
274,Shira_Standing_clip0,35,174.50.86.53,2R,2R,True
275,Shira_Standing_clip0,34,73.174.148.148,2R,2R,True
276,Shira_Standing_clip0,34,73.110.34.66,2R,2R,True
277,Shira_Standing_clip0,35,98.235.134.55,2R,2R,True
278,Shira_Standing_clip0,35,73.139.146.195,3R,2R,False
279,Shira_Standing_clip0,34,75.164.34.213,2R,2R,True
280,Shira_Standing_clip0,32,68.96.169.162,2R,2R,True
281,Shira_Standing_clip0,32,74.220.142.146,2R,2R,True
282,Shira_Standing_clip0,33,104.11.61.83,2R,2R,True
283,Shira_Standing_clip0,34,157.51.231.246,2R,2R,True
284,Shira_Standing_clip0,34,71.8.86.183,1R,2R,False
285,Shira_Standing_clip0,40,71.229.185.191,2R,2R,True
286,Shira_Standing_clip0,36,97.103.24.42,2R,2R,True
287,Shira_Standing_clip0,31,24.20.124.0,2R,2R,True
288,Shira_Standing_clip0,33,137.97.83.189,2R,2R,True
289,Shira_Standing_clip0,34,173.2.201.11,2R,2R,True
290,Shira_Standing_clip0,35,157.50.94.146,2R,2R,True
291,Shira_Standing_clip0,34,71.105.180.164,2R,2R,True
292,Shira_Standing_clip0,36,216.110.214.42,2R,2R,True
293,Shira_Standing_clip0,36,73.139.146.195,2R,2R,True
294,Shira_Standing_clip0,32,157.51.231.246,2R,2R,True
295,Shira_Standing_clip0,36,173.88.65.163,2R,2R,True
296,Shira_Standing_clip0,30,142.196.129.55,2R,2R,True
297,Shira_Standing_clip0,34,153.91.61.183,2R,2R,True
298,Shira_Standing_clip0,34,208.66.88.198,2R,2R,True
299,Shira_Standing_clip0,34,24.175.68.0,2R,2R,True
301,Shira_Standing_clip3,43,65.31.180.86,2B,2B,True
302,Shira_Standing_clip3,37,174.50.86.53,2B,2B,True
303,Shira_Standing_clip3,36,73.174.148.148,2B,2B,True
304,Shira_Standing_clip3,38,73.110.34.66,2B,2B,True
305,Shira_Standing_clip3,42,98.235.134.55,2B,2B,True
306,Shira_Standing_clip3,37,73.148.231.128,2B,2B,True
307,Shira_Standing_clip3,47,73.139.146.195,2B,2B,True
308,Shira_Standing_clip3,40,75.164.34.213,2B,2B,True
309,Shira_Standing_clip3,40,68.96.169.162,2B,2B,True
310,Shira_Standing_clip3,38,104.11.61.83,2B,2B,True
311,Shira_Standing_clip3,40,71.8.86.183,2B,2B,True
312,Shira_Standing_clip3,37,71.229.185.191,2B,2B,True
313,Shira_Standing_clip3,38,97.103.24.42,2B,2B,True
314,Shira_Standing_clip3,35,24.20.124.0,2B,2B,True
315,Shira_Standing_clip3,38,137.97.83.189,2B,2B,True
316,Shira_Standing_clip3,45,173.2.201.11,2B,2B,True
317,Shira_Standing_clip3,43,157.50.94.146,2B,2B,True
318,Shira_Standing_clip3,43,216.110.214.42,2B,2B,True
319,Shira_Standing_clip3,46,73.139.146.195,2B,2B,True
320,Shira_Standing_clip3,39,157.51.231.246,2B,2B,True
321,Shira_Standing_clip3,36,142.196.129.55,2B,2B,True
322,Shira_Standing_clip3,43,153.91.61.183,2B,2B,True
323,Shira_Standing_clip3,41,208.66.88.198,2B,2B,True
324,Shira_Standing_clip3,43,192.3.231.20,2B,2B,True
325,Shira_Standing_clip3,36,24.175.68.0,2B,2B,True
327,Tao_Standing_clip6,41,65.31.180.86,1G,1G,True
328,Tao_Standing_clip6,30,174.50.86.53,1G,1G,True
329,Tao_Standing_clip6,40,73.110.34.66,1G,1G,True
330,Tao_Standing_clip6,38,98.235.134.55,1G,1G,True
331,Tao_Standing_clip6,31,73.148.231.128,1G,1G,True
332,Tao_Standing_clip6,26,73.139.146.195,1G,1G,True
333,Tao_Standing_clip6,23,68.96.169.162,1G,1G,True
334,Tao_Standing_clip6,37,74.220.142.146,1G,1G,True
335,Tao_Standing_clip6,38,104.11.61.83,1G,1G,True
336,Tao_Standing_clip6,36,157.51.231.246,1G,1G,True
337,Tao_Standing_clip6,36,71.8.86.183,1G,1G,True
338,Tao_Standing_clip6,32,71.229.185.191,1G,1G,True
339,Tao_Standing_clip6,27,97.103.24.42,1G,1G,True
340,Tao_Standing_clip6,25,24.20.124.0,1G,1G,True
341,Tao_Standing_clip6,32,137.97.83.189,1G,1G,True
342,Tao_Standing_clip6,37,157.50.94.146,1G,1G,True
343,Tao_Standing_clip6,35,71.105.180.164,1G,1G,True
344,Tao_Standing_clip6,37,216.110.214.42,1G,1G,True
345,Tao_Standing_clip6,33,73.139.146.195,1G,1G,True
346,Tao_Standing_clip6,44,157.51.231.246,1G,1G,True
347,Tao_Standing_clip6,27,173.88.65.163,1G,1G,True
348,Tao_Standing_clip6,28,142.196.129.55,1G,1G,True
349,Tao_Standing_clip6,33,153.91.61.183,1G,1G,True
350,Tao_Standing_clip6,25,96.91.176.162,1G,1G,True
351,Tao_Standing_clip6,39,208.66.88.198,1G,1G,True
352,Tao_Standing_clip6,38,192.3.231.20,1G,1G,True
353,Tao_Standing_clip6,32,24.175.68.0,1G,1G,True
355,Shira_Standing_clip13,30,65.31.180.86,1B,1B,True
356,Shira_Standing_clip13,21,174.50.86.53,1B,1B,True
357,Shira_Standing_clip13,23,73.174.148.148,1B,1B,True
358,Shira_Standing_clip13,25,73.110.34.66,1B,1B,True
359,Shira_Standing_clip13,26,98.235.134.55,1B,1B,True
360,Shira_Standing_clip13,21,73.148.231.128,1B,1B,True
361,Shira_Standing_clip13,27,73.139.146.195,1B,1B,True
362,Shira_Standing_clip13,31,75.164.34.213,1B,1B,True
363,Shira_Standing_clip13,27,68.96.169.162,1B,1B,True
364,Shira_Standing_clip13,25,74.220.142.146,1B,1B,True
365,Shira_Standing_clip13,25,104.11.61.83,1B,1B,True
366,Shira_Standing_clip13,25,157.51.231.246,1B,1B,True
367,Shira_Standing_clip13,25,71.8.86.183,1B,1B,True
368,Shira_Standing_clip13,30,71.229.185.191,1B,1B,True
369,Shira_Standing_clip13,22,24.20.124.0,1B,1B,True
370,Shira_Standing_clip13,23,137.97.83.189,1B,1B,True
371,Shira_Standing_clip13,25,173.2.201.11,1B,1B,True
372,Shira_Standing_clip13,22,157.50.94.146,1B,1B,True
373,Shira_Standing_clip13,27,216.110.214.42,1B,1B,True
374,Shira_Standing_clip13,29,73.139.146.195,1B,1B,True
375,Shira_Standing_clip13,26,173.88.65.163,1B,1B,True
376,Shira_Standing_clip13,22,142.196.129.55,1B,1B,True
377,Shira_Standing_clip13,25,153.91.61.183,1B,1B,True
378,Shira_Standing_clip13,27,208.66.88.198,1B,1B,True
379,Shira_Standing_clip13,28,192.3.231.20,1B,1B,True
380,Shira_Standing_clip13,25,24.175.68.0,1B,1B,True
382,Tao_Standing_clip2,62,65.31.180.86,2G,2G,True
383,Tao_Standing_clip2,52,174.50.86.53,1G,2G,False
384,Tao_Standing_clip2,45,73.174.148.148,1G,2G,False
385,Tao_Standing_clip2,60,73.110.34.66,2G,2G,True
386,Tao_Standing_clip2,55,73.148.231.128,2G,2G,True
387,Tao_Standing_clip2,65,73.139.146.195,2G,2G,True
388,Tao_Standing_clip2,65,75.164.34.213,2G,2G,True
389,Tao_Standing_clip2,17,68.96.169.162,1R,2G,False
390,Tao_Standing_clip2,60,74.220.142.146,2G,2G,True
391,Tao_Standing_clip2,59,157.51.231.246,2G,2G,True
392,Tao_Standing_clip2,56,71.8.86.183,2G,2G,True
393,Tao_Standing_clip2,47,71.229.185.191,1G,2G,False
394,Tao_Standing_clip2,63,97.103.24.42,2G,2G,True
395,Tao_Standing_clip2,56,24.20.124.0,2G,2G,True
396,Tao_Standing_clip2,50,137.97.83.189,2G,2G,True
397,Tao_Standing_clip2,58,157.50.94.146,2G,2G,True
398,Tao_Standing_clip2,60,216.110.214.42,2G,2G,True
399,Tao_Standing_clip2,58,73.139.146.195,2G,2G,True
400,Tao_Standing_clip2,61,157.51.231.246,2G,2G,True
401,Tao_Standing_clip2,52,173.88.65.163,1G,2G,False
402,Tao_Standing_clip2,46,142.196.129.55,2G,2G,True
403,Tao_Standing_clip2,62,208.66.88.198,2G,2G,True
404,Tao_Standing_clip2,54,192.3.231.20,2G,2G,True
405,Tao_Standing_clip2,58,24.175.68.0,2G,2G,True
407,Shira_Standing_clip7,71,65.31.180.86,4W,4W,True
408,Shira_Standing_clip7,52,73.174.148.148,3W,4W,False
409,Shira_Standing_clip7,64,73.110.34.66,4W,4W,True
410,Shira_Standing_clip7,68,98.235.134.55,4W,4W,True
411,Shira_Standing_clip7,58,73.148.231.128,3W,4W,False
412,Shira_Standing_clip7,64,73.139.146.195,4W,4W,True
413,Shira_Standing_clip7,58,75.164.34.213,3W,4W,False
414,Shira_Standing_clip7,59,68.96.169.162,3W,4W,False
415,Shira_Standing_clip7,55,74.220.142.146,4W,4W,True
416,Shira_Standing_clip7,61,104.11.61.83,4W,4W,True
417,Shira_Standing_clip7,67,157.51.231.246,4W,4W,True
418,Shira_Standing_clip7,59,71.8.86.183,3W,4W,False
419,Shira_Standing_clip7,52,71.229.185.191,2W,4W,False
420,Shira_Standing_clip7,55,97.103.24.42,4W,4W,True
421,Shira_Standing_clip7,29,24.20.124.0,3B,4W,False
422,Shira_Standing_clip7,52,137.97.83.189,3W,4W,False
423,Shira_Standing_clip7,60,173.2.201.11,3W,4W,False
424,Shira_Standing_clip7,70,157.50.94.146,4W,4W,True
425,Shira_Standing_clip7,57,216.110.214.42,3W,4W,False
426,Shira_Standing_clip7,68,73.139.146.195,4W,4W,True
427,Shira_Standing_clip7,57,157.51.231.246,3W,4W,False
428,Shira_Standing_clip7,62,173.88.65.163,4W,4W,True
429,Shira_Standing_clip7,57,153.91.61.183,3W,4W,False
430,Shira_Standing_clip7,50,208.66.88.198,3W,4W,False
431,Shira_Standing_clip7,65,192.3.231.20,4W,4W,True
432,Shira_Standing_clip7,65,24.175.68.0,4W,4W,True
434,Shira_Standing_clip9,46,65.31.180.86,3G,3G,True
435,Shira_Standing_clip9,33,174.50.86.53,2G,3G,False
436,Shira_Standing_clip9,37,73.174.148.148,2G,3G,False
437,Shira_Standing_clip9,43,73.110.34.66,3G,3G,True
438,Shira_Standing_clip9,43,98.235.134.55,3G,3G,True
439,Shira_Standing_clip9,35,73.148.231.128,2G,3G,False
440,Shira_Standing_clip9,42,73.139.146.195,3G,3G,True
441,Shira_Standing_clip9,41,75.164.34.213,3G,3G,True
442,Shira_Standing_clip9,35,68.96.169.162,2G,3G,False
443,Shira_Standing_clip9,38,74.220.142.146,2G,3G,False
444,Shira_Standing_clip9,36,104.11.61.83,2G,3G,False
445,Shira_Standing_clip9,44,157.51.231.246,3G,3G,True
446,Shira_Standing_clip9,38,71.8.86.183,2G,3G,False
447,Shira_Standing_clip9,40,97.103.24.42,3G,3G,True
448,Shira_Standing_clip9,36,24.20.124.0,2G,3G,False
449,Shira_Standing_clip9,36,137.97.83.189,2G,3G,False
450,Shira_Standing_clip9,39,173.2.201.11,3G,3G,True
451,Shira_Standing_clip9,42,157.50.94.146,3G,3G,True
452,Shira_Standing_clip9,39,71.105.180.164,2G,3G,False
453,Shira_Standing_clip9,39,216.110.214.42,2G,3G,False
454,Shira_Standing_clip9,46,73.139.146.195,3G,3G,True
455,Shira_Standing_clip9,34,157.51.231.246,2G,3G,False
456,Shira_Standing_clip9,45,173.88.65.163,3G,3G,True
457,Shira_Standing_clip9,34,142.196.129.55,2G,3G,False
458,Shira_Standing_clip9,36,153.91.61.183,2G,3G,False
459,Shira_Standing_clip9,36,208.66.88.198,2G,3G,False
460,Shira_Standing_clip9,43,192.3.231.20,3G,3G,True
461,Shira_Standing_clip9,38,24.175.68.0,2G,3G,False
463,Shira_Standing_clip8,45,65.31.180.86,1W,1W,True
464,Shira_Standing_clip8,39,174.50.86.53,1W,1W,True
465,Shira_Standing_clip8,39,73.174.148.148,1W,1W,True
466,Shira_Standing_clip8,40,73.110.34.66,1W,1W,True
467,Shira_Standing_clip8,45,98.235.134.55,1W,1W,True
468,Shira_Standing_clip8,40,73.148.231.128,1W,1W,True
469,Shira_Standing_clip8,38,73.139.146.195,1W,1W,True
470,Shira_Standing_clip8,35,75.164.34.213,1W,1W,True
471,Shira_Standing_clip8,40,68.96.169.162,2W,1W,False
472,Shira_Standing_clip8,36,74.220.142.146,1W,1W,True
473,Shira_Standing_clip8,40,104.11.61.83,1W,1W,True
474,Shira_Standing_clip8,36,157.51.231.246,1W,1W,True
475,Shira_Standing_clip8,48,71.8.86.183,2W,1W,False
476,Shira_Standing_clip8,35,71.229.185.191,1W,1W,True
477,Shira_Standing_clip8,38,97.103.24.42,1W,1W,True
478,Shira_Standing_clip8,36,24.20.124.0,1W,1W,True
479,Shira_Standing_clip8,31,137.97.83.189,1W,1W,True
480,Shira_Standing_clip8,38,173.2.201.11,2W,1W,False
481,Shira_Standing_clip8,47,157.50.94.146,1W,1W,True
482,Shira_Standing_clip8,39,71.105.180.164,1W,1W,True
483,Shira_Standing_clip8,44,216.110.214.42,1W,1W,True
484,Shira_Standing_clip8,45,73.139.146.195,1W,1W,True
485,Shira_Standing_clip8,46,157.51.231.246,1W,1W,True
486,Shira_Standing_clip8,42,173.88.65.163,1W,1W,True
487,Shira_Standing_clip8,38,75.32.5.219,1W,1W,True
488,Shira_Standing_clip8,43,153.91.61.183,1W,1W,True
489,Shira_Standing_clip8,41,208.66.88.198,1W,1W,True
490,Shira_Standing_clip8,44,192.3.231.20,1W,1W,True
491,Shira_Standing_clip8,43,24.175.68.0,1W,1W,True
493,Tao_Standing_clip11,79,65.31.180.86,3B,3B,True
494,Tao_Standing_clip11,65,174.50.86.53,3B,3B,True
495,Tao_Standing_clip11,58,73.174.148.148,3B,3B,True
496,Tao_Standing_clip11,67,73.110.34.66,3B,3B,True
497,Tao_Standing_clip11,67,98.235.134.55,3B,3B,True
498,Tao_Standing_clip11,69,73.148.231.128,3B,3B,True
499,Tao_Standing_clip11,70,73.139.146.195,3B,3B,True
500,Tao_Standing_clip11,58,75.164.34.213,3B,3B,True
501,Tao_Standing_clip11,56,68.96.169.162,3B,3B,True
502,Tao_Standing_clip11,67,74.220.142.146,3B,3B,True
503,Tao_Standing_clip11,66,104.11.61.83,3B,3B,True
504,Tao_Standing_clip11,64,157.51.231.246,3B,3B,True
505,Tao_Standing_clip11,76,71.8.86.183,3B,3B,True
506,Tao_Standing_clip11,74,97.103.24.42,3B,3B,True
507,Tao_Standing_clip11,63,24.20.124.0,3B,3B,True
508,Tao_Standing_clip11,62,137.97.83.189,3B,3B,True
509,Tao_Standing_clip11,67,173.2.201.11,3B,3B,True
510,Tao_Standing_clip11,73,157.50.94.146,3B,3B,True
511,Tao_Standing_clip11,73,216.110.214.42,3B,3B,True
512,Tao_Standing_clip11,66,73.139.146.195,3B,3B,True
513,Tao_Standing_clip11,68,157.51.231.246,3B,3B,True
514,Tao_Standing_clip11,69,173.88.65.163,3B,3B,True
515,Tao_Standing_clip11,58,142.196.129.55,3B,3B,True
516,Tao_Standing_clip11,62,153.91.61.183,3B,3B,True
517,Tao_Standing_clip11,66,208.66.88.198,3B,3B,True
518,Tao_Standing_clip11,68,192.3.231.20,3B,3B,True
519,Tao_Standing_clip11,68,24.175.68.0,3B,3B,True
521,Tao_Standing_clip13,65,65.31.180.86,2W,2W,True
522,Tao_Standing_clip13,60,174.50.86.53,2W,2W,True
523,Tao_Standing_clip13,55,73.174.148.148,2W,2W,True
524,Tao_Standing_clip13,63,73.110.34.66,2W,2W,True
525,Tao_Standing_clip13,67,98.235.134.55,2W,2W,True
526,Tao_Standing_clip13,63,73.148.231.128,2W,2W,True
527,Tao_Standing_clip13,65,73.139.146.195,2W,2W,True
528,Tao_Standing_clip13,63,75.164.34.213,2W,2W,True
529,Tao_Standing_clip13,53,74.220.142.146,2W,2W,True
530,Tao_Standing_clip13,61,104.11.61.83,2W,2W,True
531,Tao_Standing_clip13,60,157.51.231.246,2W,2W,True
532,Tao_Standing_clip13,62,71.8.86.183,2W,2W,True
533,Tao_Standing_clip13,57,71.229.185.191,1W,2W,False
534,Tao_Standing_clip13,62,97.103.24.42,2W,2W,True
535,Tao_Standing_clip13,62,24.20.124.0,2W,2W,True
536,Tao_Standing_clip13,59,137.97.83.189,2W,2W,True
537,Tao_Standing_clip13,63,173.2.201.11,2W,2W,True
538,Tao_Standing_clip13,65,157.50.94.146,2W,2W,True
539,Tao_Standing_clip13,70,71.105.180.164,2W,2W,True
540,Tao_Standing_clip13,65,216.110.214.42,2W,2W,True
541,Tao_Standing_clip13,64,73.139.146.195,2W,2W,True
542,Tao_Standing_clip13,62,157.51.231.246,2W,2W,True
543,Tao_Standing_clip13,66,173.88.65.163,2W,2W,True
544,Tao_Standing_clip13,53,142.196.129.55,2W,2W,True
545,Tao_Standing_clip13,49,75.32.5.219,2W,2W,True
546,Tao_Standing_clip13,60,153.91.61.183,2W,2W,True
547,Tao_Standing_clip13,65,208.66.88.198,2W,2W,True
548,Tao_Standing_clip13,65,192.3.231.20,2W,2W,True
549,Tao_Standing_clip13,61,24.175.68.0,2W,2W,True
551,Tao_Standing_clip1,50,174.50.86.53,2B,2B,True
552,Tao_Standing_clip1,48,73.174.148.148,2B,2B,True
553,Tao_Standing_clip1,55,73.110.34.66,2B,2B,True
554,Tao_Standing_clip1,57,98.235.134.55,2B,2B,True
555,Tao_Standing_clip1,52,73.148.231.128,2B,2B,True
556,Tao_Standing_clip1,53,73.139.146.195,2B,2B,True
557,Tao_Standing_clip1,55,75.164.34.213,2B,2B,True
558,Tao_Standing_clip1,35,68.96.169.162,2B,2B,True
559,Tao_Standing_clip1,51,74.220.142.146,2B,2B,True
560,Tao_Standing_clip1,53,104.11.61.83,2B,2B,True
561,Tao_Standing_clip1,56,157.51.231.246,2B,2B,True
562,Tao_Standing_clip1,57,71.229.185.191,2B,2B,True
563,Tao_Standing_clip1,58,97.103.24.42,2B,2B,True
564,Tao_Standing_clip1,52,24.20.124.0,2B,2B,True
565,Tao_Standing_clip1,46,137.97.83.189,2B,2B,True
566,Tao_Standing_clip1,51,173.2.201.11,2B,2B,True
567,Tao_Standing_clip1,49,157.50.94.146,2B,2B,True
568,Tao_Standing_clip1,58,71.105.180.164,2B,2B,True
569,Tao_Standing_clip1,54,216.110.214.42,2B,2B,True
570,Tao_Standing_clip1,59,73.139.146.195,2B,2B,True
571,Tao_Standing_clip1,56,157.51.231.246,2B,2B,True
572,Tao_Standing_clip1,57,173.88.65.163,2B,2B,True
573,Tao_Standing_clip1,43,142.196.129.55,2B,2B,True
574,Tao_Standing_clip1,54,153.91.61.183,2B,2B,True
575,Tao_Standing_clip1,55,208.66.88.198,2B,2B,True
576,Tao_Standing_clip1,58,192.3.231.20,2B,2B,True
577,Tao_Standing_clip1,56,24.175.68.0,2B,2B,True
579,Tao_Standing_clip5,49,65.31.180.86,3R,3R,True
580,Tao_Standing_clip5,42,174.50.86.53,3R,3R,True
581,Tao_Standing_clip5,42,73.174.148.148,3R,3R,True
582,Tao_Standing_clip5,49,73.110.34.66,3R,3R,True
583,Tao_Standing_clip5,47,98.235.134.55,3R,3R,True
584,Tao_Standing_clip5,43,73.148.231.128,3R,3R,True
585,Tao_Standing_clip5,46,73.139.146.195,3R,3R,True
586,Tao_Standing_clip5,51,75.164.34.213,3R,3R,True
587,Tao_Standing_clip5,40,68.96.169.162,3R,3R,True
588,Tao_Standing_clip5,49,74.220.142.146,3R,3R,True
589,Tao_Standing_clip5,46,104.11.61.83,3R,3R,True
590,Tao_Standing_clip5,45,157.51.231.246,3R,3R,True
591,Tao_Standing_clip5,45,71.8.86.183,3R,3R,True
592,Tao_Standing_clip5,41,71.229.185.191,3R,3R,True
593,Tao_Standing_clip5,39,24.20.124.0,3R,3R,True
594,Tao_Standing_clip5,41,137.97.83.189,3R,3R,True
595,Tao_Standing_clip5,48,173.2.201.11,3R,3R,True
596,Tao_Standing_clip5,46,157.50.94.146,3R,3R,True
597,Tao_Standing_clip5,46,216.110.214.42,3R,3R,True
598,Tao_Standing_clip5,48,73.139.146.195,3R,3R,True
599,Tao_Standing_clip5,47,157.51.231.246,3R,3R,True
600,Tao_Standing_clip5,49,173.88.65.163,3R,3R,True
601,Tao_Standing_clip5,42,142.196.129.55,3R,3R,True
602,Tao_Standing_clip5,46,153.91.61.183,3R,3R,True
603,Tao_Standing_clip5,53,208.66.88.198,3R,3R,True
604,Tao_Standing_clip5,49,192.3.231.20,3R,3R,True
605,Tao_Standing_clip5,49,24.175.68.0,3R,3R,True
607,Tao_Standing_clip4,52,174.50.86.53,4R,4R,True
608,Tao_Standing_clip4,47,73.174.148.148,4R,4R,True
609,Tao_Standing_clip4,64,73.110.34.66,4R,4R,True
610,Tao_Standing_clip4,62,98.235.134.55,4R,4R,True
611,Tao_Standing_clip4,54,73.148.231.128,4R,4R,True
612,Tao_Standing_clip4,56,75.164.34.213,4R,4R,True
613,Tao_Standing_clip4,45,68.96.169.162,4R,4R,True
614,Tao_Standing_clip4,6,74.220.142.146,2B,4R,False
615,Tao_Standing_clip4,47,157.51.231.246,4R,4R,True
616,Tao_Standing_clip4,55,71.8.86.183,4R,4R,True
617,Tao_Standing_clip4,60,71.229.185.191,4R,4R,True
618,Tao_Standing_clip4,48,97.103.24.42,4R,4R,True
619,Tao_Standing_clip4,49,24.20.124.0,4R,4R,True
620,Tao_Standing_clip4,51,137.97.83.189,4R,4R,True
621,Tao_Standing_clip4,56,173.2.201.11,4R,4R,True
622,Tao_Standing_clip4,57,157.50.94.146,4R,4R,True
623,Tao_Standing_clip4,55,216.110.214.42,4R,4R,True
624,Tao_Standing_clip4,53,73.139.146.195,4R,4R,True
625,Tao_Standing_clip4,54,157.51.231.246,4R,4R,True
626,Tao_Standing_clip4,51,173.88.65.163,4R,4R,True
627,Tao_Standing_clip4,50,142.196.129.55,4R,4R,True
628,Tao_Standing_clip4,59,153.91.61.183,4R,4R,True
629,Tao_Standing_clip4,62,208.66.88.198,4R,4R,True
630,Tao_Standing_clip4,53,192.3.231.20,4R,4R,True
631,Tao_Standing_clip4,50,24.175.68.0,4R,4R,True
633,Tao_Standing_clip8,85,65.31.180.86,3W,3W,True
634,Tao_Standing_clip8,78,174.50.86.53,3W,3W,True
635,Tao_Standing_clip8,70,73.174.148.148,2W,3W,False
636,Tao_Standing_clip8,77,73.110.34.66,3W,3W,True
637,Tao_Standing_clip8,76,98.235.134.55,3W,3W,True
638,Tao_Standing_clip8,72,73.148.231.128,3W,3W,True
639,Tao_Standing_clip8,76,73.139.146.195,3W,3W,True
640,Tao_Standing_clip8,85,75.164.34.213,3W,3W,True
641,Tao_Standing_clip8,68,68.96.169.162,2W,3W,False
642,Tao_Standing_clip8,2,74.220.142.146,4B,3W,False
643,Tao_Standing_clip8,78,104.11.61.83,3W,3W,True
644,Tao_Standing_clip8,73,157.51.231.246,3W,3W,True
645,Tao_Standing_clip8,74,71.229.185.191,3W,3W,True
646,Tao_Standing_clip8,79,97.103.24.42,3W,3W,True
647,Tao_Standing_clip8,67,24.20.124.0,2W,3W,False
648,Tao_Standing_clip8,71,137.97.83.189,3W,3W,True
649,Tao_Standing_clip8,70,173.2.201.11,3W,3W,True
650,Tao_Standing_clip8,79,157.50.94.146,3W,3W,True
651,Tao_Standing_clip8,76,71.105.180.164,3W,3W,True
652,Tao_Standing_clip8,81,216.110.214.42,3W,3W,True
653,Tao_Standing_clip8,11,157.51.231.246,3B,3W,False
654,Tao_Standing_clip8,81,173.88.65.163,3W,3W,True
655,Tao_Standing_clip8,68,142.196.129.55,2W,3W,False
656,Tao_Standing_clip8,80,153.91.61.183,3W,3W,True
657,Tao_Standing_clip8,75,208.66.88.198,3W,3W,True
658,Tao_Standing_clip8,68,192.3.231.20,3W,3W,True
659,Tao_Standing_clip8,75,24.175.68.0,3W,3W,True
661,Shira_Standing_clip4,37,65.31.180.86,2W,2W,True
662,Shira_Standing_clip4,32,174.50.86.53,2W,2W,True
663,Shira_Standing_clip4,32,73.174.148.148,2W,2W,True
664,Shira_Standing_clip4,33,98.235.134.55,2W,2W,True
665,Shira_Standing_clip4,32,73.148.231.128,2W,2W,True
666,Shira_Standing_clip4,35,73.139.146.195,2W,2W,True
667,Shira_Standing_clip4,35,75.164.34.213,2W,2W,True
668,Shira_Standing_clip4,30,68.96.169.162,2W,2W,True
669,Shira_Standing_clip4,30,74.220.142.146,2W,2W,True
670,Shira_Standing_clip4,33,104.11.61.83,2W,2W,True
671,Shira_Standing_clip4,33,157.51.231.246,2W,2W,True
672,Shira_Standing_clip4,29,71.8.86.183,2W,2W,True
673,Shira_Standing_clip4,35,71.229.185.191,2W,2W,True
674,Shira_Standing_clip4,31,97.103.24.42,2W,2W,True
675,Shira_Standing_clip4,23,24.20.124.0,2W,2W,True
676,Shira_Standing_clip4,30,137.97.83.189,2W,2W,True
677,Shira_Standing_clip4,30,173.2.201.11,2W,2W,True
678,Shira_Standing_clip4,40,157.50.94.146,2W,2W,True
679,Shira_Standing_clip4,34,71.105.180.164,2W,2W,True
680,Shira_Standing_clip4,32,216.110.214.42,2W,2W,True
681,Shira_Standing_clip4,36,73.139.146.195,2W,2W,True
682,Shira_Standing_clip4,34,157.51.231.246,2W,2W,True
683,Shira_Standing_clip4,32,173.88.65.163,2W,2W,True
684,Shira_Standing_clip4,29,142.196.129.55,4W,2W,False
685,Shira_Standing_clip4,32,153.91.61.183,2W,2W,True
686,Shira_Standing_clip4,32,192.3.231.20,2W,2W,True
688,Shira_Standing_clip1,56,65.31.180.86,4R,4R,True
689,Shira_Standing_clip1,50,174.50.86.53,3R,4R,False
690,Shira_Standing_clip1,51,73.174.148.148,4R,4R,True
691,Shira_Standing_clip1,57,73.110.34.66,4R,4R,True
692,Shira_Standing_clip1,56,98.235.134.55,4R,4R,True
693,Shira_Standing_clip1,56,73.148.231.128,4R,4R,True
694,Shira_Standing_clip1,60,73.139.146.195,4R,4R,True
695,Shira_Standing_clip1,57,75.164.34.213,4R,4R,True
696,Shira_Standing_clip1,31,68.96.169.162,3R,4R,False
697,Shira_Standing_clip1,10,74.220.142.146,3B,4R,False
698,Shira_Standing_clip1,52,104.11.61.83,3R,4R,False
699,Shira_Standing_clip1,54,157.51.231.246,4R,4R,True
700,Shira_Standing_clip1,55,71.8.86.183,4R,4R,True
701,Shira_Standing_clip1,55,71.229.185.191,4R,4R,True
702,Shira_Standing_clip1,52,97.103.24.42,4R,4R,True
703,Shira_Standing_clip1,53,24.20.124.0,4R,4R,True
704,Shira_Standing_clip1,50,137.97.83.189,3R,4R,False
705,Shira_Standing_clip1,54,173.2.201.11,3R,4R,False
706,Shira_Standing_clip1,56,157.50.94.146,4R,4R,True
707,Shira_Standing_clip1,59,71.105.180.164,4R,4R,True
708,Shira_Standing_clip1,57,216.110.214.42,4R,4R,True
709,Shira_Standing_clip1,59,73.139.146.195,4R,4R,True
710,Shira_Standing_clip1,53,157.51.231.246,4R,4R,True
711,Shira_Standing_clip1,60,173.88.65.163,4R,4R,True
712,Shira_Standing_clip1,49,142.196.129.55,3R,4R,False
713,Shira_Standing_clip1,59,153.91.61.183,4R,4R,True
714,Shira_Standing_clip1,57,208.66.88.198,4R,4R,True
715,Shira_Standing_clip1,55,192.3.231.20,3R,4R,False
716,Shira_Standing_clip1,55,24.175.68.0,4R,4R,True
718,Shira_Standing_clip15,35,65.31.180.86,1G,2G,False
719,Shira_Standing_clip15,32,174.50.86.53,1G,2G,False
720,Shira_Standing_clip15,34,73.174.148.148,2G,2G,True
721,Shira_Standing_clip15,34,73.110.34.66,1G,2G,False
722,Shira_Standing_clip15,41,98.235.134.55,2G,2G,True
723,Shira_Standing_clip15,38,73.148.231.128,2G,2G,True
724,Shira_Standing_clip15,33,73.139.146.195,1G,2G,False
725,Shira_Standing_clip15,30,68.96.169.162,2G,2G,True
726,Shira_Standing_clip15,33,74.220.142.146,1G,2G,False
727,Shira_Standing_clip15,35,104.11.61.83,1G,2G,False
728,Shira_Standing_clip15,40,157.51.231.246,2G,2G,True
729,Shira_Standing_clip15,35,71.8.86.183,2G,2G,True
730,Shira_Standing_clip15,39,71.229.185.191,2G,2G,True
731,Shira_Standing_clip15,44,97.103.24.42,2G,2G,True
732,Shira_Standing_clip15,31,24.20.124.0,1G,2G,False
733,Shira_Standing_clip15,33,137.97.83.189,1G,2G,False
734,Shira_Standing_clip15,37,173.2.201.11,2G,2G,True
735,Shira_Standing_clip15,34,157.50.94.146,1G,2G,False
736,Shira_Standing_clip15,34,216.110.214.42,1G,2G,False
737,Shira_Standing_clip15,33,73.139.146.195,1G,2G,False
738,Shira_Standing_clip15,40,157.51.231.246,2G,2G,True
739,Shira_Standing_clip15,36,142.196.129.55,1G,2G,False
740,Shira_Standing_clip15,34,153.91.61.183,1G,2G,False
741,Shira_Standing_clip15,42,208.66.88.198,2G,2G,True
742,Shira_Standing_clip15,42,192.3.231.20,2G,2G,True
743,Shira_Standing_clip15,32,24.175.68.0,1G,2G,False
745,Tao_Standing_clip7,67,65.31.180.86,3G,3G,True
746,Tao_Standing_clip7,59,174.50.86.53,2G,3G,False
747,Tao_Standing_clip7,61,73.174.148.148,3G,3G,True
748,Tao_Standing_clip7,69,73.110.34.66,3G,3G,True
749,Tao_Standing_clip7,75,98.235.134.55,3G,3G,True
750,Tao_Standing_clip7,63,73.148.231.128,3G,3G,True
751,Tao_Standing_clip7,63,73.139.146.195,3G,3G,True
752,Tao_Standing_clip7,71,75.164.34.213,3G,3G,True
753,Tao_Standing_clip7,22,68.96.169.162,1G,3G,False
754,Tao_Standing_clip7,69,74.220.142.146,3G,3G,True
755,Tao_Standing_clip7,67,104.11.61.83,3G,3G,True
756,Tao_Standing_clip7,69,157.51.231.246,3G,3G,True
757,Tao_Standing_clip7,64,71.8.86.183,3G,3G,True
758,Tao_Standing_clip7,72,71.229.185.191,3G,3G,True
759,Tao_Standing_clip7,53,97.103.24.42,3G,3G,True
760,Tao_Standing_clip7,63,24.20.124.0,3G,3G,True
761,Tao_Standing_clip7,69,137.97.83.189,4G,3G,False
762,Tao_Standing_clip7,69,137.97.83.189,4G,3G,False
763,Tao_Standing_clip7,65,173.2.201.11,3G,3G,True
764,Tao_Standing_clip7,68,157.50.94.146,3G,3G,True
765,Tao_Standing_clip7,69,71.105.180.164,3G,3G,True
766,Tao_Standing_clip7,69,216.110.214.42,3G,3G,True
767,Tao_Standing_clip7,69,73.139.146.195,3G,3G,True
768,Tao_Standing_clip7,38,157.51.231.246,2G,3G,False
769,Tao_Standing_clip7,65,173.88.65.163,3G,3G,True
770,Tao_Standing_clip7,58,142.196.129.55,3G,3G,True
771,Tao_Standing_clip7,73,153.91.61.183,3G,3G,True
772,Tao_Standing_clip7,50,96.91.176.162,2G,3G,False
773,Tao_Standing_clip7,72,208.66.88.198,3G,3G,True
774,Tao_Standing_clip7,64,192.3.231.20,3G,3G,True
775,Tao_Standing_clip7,59,24.175.68.0,2G,3G,False
777,Shira_Standing_clip14,49,65.31.180.86,3W,3W,True
778,Shira_Standing_clip14,42,174.50.86.53,3W,3W,True
779,Shira_Standing_clip14,45,166.137.252.96,3W,3W,True
780,Shira_Standing_clip14,40,73.174.148.148,3W,3W,True
781,Shira_Standing_clip14,45,73.110.34.66,3W,3W,True
782,Shira_Standing_clip14,50,98.235.134.55,3W,3W,True
783,Shira_Standing_clip14,45,73.148.231.128,3W,3W,True
784,Shira_Standing_clip14,51,73.139.146.195,3W,3W,True
785,Shira_Standing_clip14,46,75.164.34.213,4W,3W,False
786,Shira_Standing_clip14,38,68.96.169.162,2W,3W,False
787,Shira_Standing_clip14,48,74.220.142.146,3W,3W,True
788,Shira_Standing_clip14,46,104.11.61.83,3W,3W,True
789,Shira_Standing_clip14,45,157.51.231.246,3W,3W,True
790,Shira_Standing_clip14,44,71.8.86.183,3W,3W,True
791,Shira_Standing_clip14,39,71.229.185.191,2W,3W,False
792,Shira_Standing_clip14,45,97.103.24.42,3W,3W,True
793,Shira_Standing_clip14,33,24.20.124.0,2W,3W,False
794,Shira_Standing_clip14,44,137.97.83.189,3W,3W,True
795,Shira_Standing_clip14,40,173.2.201.11,3W,3W,True
796,Shira_Standing_clip14,43,157.50.94.146,3W,3W,True
797,Shira_Standing_clip14,53,71.105.180.164,3W,3W,True
798,Shira_Standing_clip14,49,216.110.214.42,3W,3W,True
799,Shira_Standing_clip14,52,73.139.146.195,3W,3W,True
800,Shira_Standing_clip14,51,157.51.231.246,3W,3W,True
801,Shira_Standing_clip14,46,173.88.65.163,3W,3W,True
802,Shira_Standing_clip14,39,142.196.129.55,3W,3W,True
803,Shira_Standing_clip14,49,75.32.5.219,3W,3W,True
804,Shira_Standing_clip14,45,208.66.88.198,3W,3W,True
805,Shira_Standing_clip14,47,192.3.231.20,3W,3W,True
806,Shira_Standing_clip14,43,24.175.68.0,3W,3W,True
808,Tao_Standing_clip9,68,65.31.180.86,2R,2R,True
809,Tao_Standing_clip9,66,174.50.86.53,2R,2R,True
810,Tao_Standing_clip9,50,73.174.148.148,2R,2R,True
811,Tao_Standing_clip9,61,73.110.34.66,2R,2R,True
812,Tao_Standing_clip9,60,98.235.134.55,2R,2R,True
813,Tao_Standing_clip9,47,73.148.231.128,2R,2R,True
814,Tao_Standing_clip9,48,73.139.146.195,2R,2R,True
815,Tao_Standing_clip9,44,68.96.169.162,2R,2R,True
816,Tao_Standing_clip9,55,104.11.61.83,2R,2R,True
817,Tao_Standing_clip9,51,157.51.231.246,2R,2R,True
818,Tao_Standing_clip9,55,71.8.86.183,2R,2R,True
819,Tao_Standing_clip9,56,71.229.185.191,2R,2R,True
820,Tao_Standing_clip9,52,97.103.24.42,2R,2R,True
821,Tao_Standing_clip9,57,24.20.124.0,2R,2R,True
822,Tao_Standing_clip9,55,137.97.83.189,2R,2R,True
823,Tao_Standing_clip9,50,173.2.201.11,2R,2R,True
824,Tao_Standing_clip9,56,216.110.214.42,2R,2R,True
825,Tao_Standing_clip9,56,73.139.146.195,2R,2R,True
826,Tao_Standing_clip9,43,157.51.231.246,2R,2R,True
827,Tao_Standing_clip9,54,173.88.65.163,2R,2R,True
828,Tao_Standing_clip9,55,142.196.129.55,2R,2R,True
829,Tao_Standing_clip9,58,153.91.61.183,2R,2R,True
830,Tao_Standing_clip9,60,208.66.88.198,2R,2R,True
831,Tao_Standing_clip9,57,192.3.231.20,2R,2R,True
832,Tao_Standing_clip9,60,24.175.68.0,2R,2R,True
834,Tao_Standing_clip15,71,65.31.180.86,4G,4G,True
835,Tao_Standing_clip15,68,174.50.86.53,4G,4G,True
836,Tao_Standing_clip15,63,73.174.148.148,4G,4G,True
837,Tao_Standing_clip15,72,73.110.34.66,4G,4G,True
838,Tao_Standing_clip15,68,98.235.134.55,4G,4G,True
839,Tao_Standing_clip15,64,73.148.231.128,4G,4G,True
840,Tao_Standing_clip15,74,73.139.146.195,4G,4G,True
841,Tao_Standing_clip15,68,75.164.34.213,4G,4G,True
842,Tao_Standing_clip15,58,68.96.169.162,3G,4G,False
843,Tao_Standing_clip15,59,74.220.142.146,4G,4G,True
844,Tao_Standing_clip15,69,104.11.61.83,4G,4G,True
845,Tao_Standing_clip15,68,157.51.231.246,4G,4G,True
846,Tao_Standing_clip15,64,71.8.86.183,4G,4G,True
847,Tao_Standing_clip15,59,71.229.185.191,4G,4G,True
848,Tao_Standing_clip15,69,97.103.24.42,4G,4G,True
849,Tao_Standing_clip15,63,24.20.124.0,4G,4G,True
850,Tao_Standing_clip15,56,137.97.83.189,3G,4G,False
851,Tao_Standing_clip15,63,173.2.201.11,3G,4G,False
852,Tao_Standing_clip15,73,216.110.214.42,4G,4G,True
853,Tao_Standing_clip15,71,73.139.146.195,4G,4G,True
854,Tao_Standing_clip15,77,157.51.231.246,4G,4G,True
855,Tao_Standing_clip15,69,173.88.65.163,4G,4G,True
856,Tao_Standing_clip15,55,142.196.129.55,4G,4G,True
857,Tao_Standing_clip15,64,153.91.61.183,4G,4G,True
858,Tao_Standing_clip15,64,208.66.88.198,4G,4G,True
859,Tao_Standing_clip15,57,192.3.231.20,4G,4G,True
860,Tao_Standing_clip15,67,24.175.68.0,4G,4G,True
862,Shira_Standing_clip11,50,65.31.180.86,1R,1R,True
863,Shira_Standing_clip11,52,174.50.86.53,1R,1R,True
864,Shira_Standing_clip11,34,73.174.148.148,1W,1R,False
865,Shira_Standing_clip11,52,73.110.34.66,1R,1R,True
866,Shira_Standing_clip11,54,98.235.134.55,1R,1R,True
867,Shira_Standing_clip11,52,73.139.146.195,1R,1R,True
868,Shira_Standing_clip11,35,68.96.169.162,1W,1R,False
869,Shira_Standing_clip11,52,74.220.142.146,1R,1R,True
870,Shira_Standing_clip11,52,104.11.61.83,1R,1R,True
871,Shira_Standing_clip11,52,157.51.231.246,1R,1R,True
872,Shira_Standing_clip11,55,71.8.86.183,1R,1R,True
873,Shira_Standing_clip11,55,71.229.185.191,1R,1R,True
874,Shira_Standing_clip11,53,97.103.24.42,1R,1R,True
875,Shira_Standing_clip11,29,24.20.124.0,1W,1R,False
876,Shira_Standing_clip11,52,173.2.201.11,1R,1R,True
877,Shira_Standing_clip11,54,157.50.94.146,1R,1R,True
878,Shira_Standing_clip11,52,71.105.180.164,1R,1R,True
879,Shira_Standing_clip11,52,216.110.214.42,1R,1R,True
880,Shira_Standing_clip11,53,73.139.146.195,1R,1R,True
881,Shira_Standing_clip11,53,157.51.231.246,1R,1R,True
882,Shira_Standing_clip11,50,173.88.65.163,1R,1R,True
883,Shira_Standing_clip11,30,142.196.129.55,1W,1R,False
884,Shira_Standing_clip11,51,153.91.61.183,1R,1R,True
885,Shira_Standing_clip11,53,208.66.88.198,1R,1R,True
886,Shira_Standing_clip11,36,192.3.231.20,1B,1R,False
887,Shira_Standing_clip11,52,24.175.68.0,1R,1R,True
889,Tao_Standing_clip0,49,65.31.180.86,1W,1W,True
890,Tao_Standing_clip0,47,174.50.86.53,1W,1W,True
891,Tao_Standing_clip0,42,166.137.252.96,1W,1W,True
892,Tao_Standing_clip0,58,73.174.148.148,1W,1W,True
893,Tao_Standing_clip0,51,98.235.134.55,1W,1W,True
894,Tao_Standing_clip0,40,73.148.231.128,1W,1W,True
895,Tao_Standing_clip0,44,73.139.146.195,1W,1W,True
896,Tao_Standing_clip0,46,75.164.34.213,1W,1W,True
897,Tao_Standing_clip0,45,74.220.142.146,1W,1W,True
898,Tao_Standing_clip0,50,104.11.61.83,1W,1W,True
899,Tao_Standing_clip0,44,157.51.231.246,1W,1W,True
900,Tao_Standing_clip0,45,71.8.86.183,1W,1W,True
901,Tao_Standing_clip0,47,71.229.185.191,1W,1W,True
902,Tao_Standing_clip0,39,97.103.24.42,1W,1W,True
903,Tao_Standing_clip0,33,24.20.124.0,1W,1W,True
904,Tao_Standing_clip0,39,137.97.83.189,1W,1W,True
905,Tao_Standing_clip0,49,173.2.201.11,1W,1W,True
906,Tao_Standing_clip0,51,157.50.94.146,1W,1W,True
907,Tao_Standing_clip0,50,73.139.146.195,1W,1W,True
908,Tao_Standing_clip0,52,157.51.231.246,1W,1W,True
909,Tao_Standing_clip0,49,173.88.65.163,1W,1W,True
910,Tao_Standing_clip0,36,142.196.129.55,1W,1W,True
911,Tao_Standing_clip0,45,153.91.61.183,1W,1W,True
912,Tao_Standing_clip0,53,208.66.88.198,1W,1W,True
913,Tao_Standing_clip0,54,192.3.231.20,1W,1W,True
914,Tao_Standing_clip0,49,24.175.68.0,1W,1W,True
916,Tao_Standing_clip14,76,65.31.180.86,4W,4W,True
917,Tao_Standing_clip14,72,166.137.252.96,3W,4W,False
918,Tao_Standing_clip14,60,73.174.148.148,4W,4W,True
919,Tao_Standing_clip14,71,73.110.34.66,4W,4W,True
920,Tao_Standing_clip14,76,98.235.134.55,4W,4W,True
921,Tao_Standing_clip14,74,73.148.231.128,4W,4W,True
922,Tao_Standing_clip14,69,75.164.34.213,4W,4W,True
923,Tao_Standing_clip14,63,68.96.169.162,3W,4W,False
924,Tao_Standing_clip14,72,74.220.142.146,4W,4W,True
925,Tao_Standing_clip14,67,104.11.61.83,3W,4W,False
926,Tao_Standing_clip14,72,157.51.231.246,4W,4W,True
927,Tao_Standing_clip14,64,71.8.86.183,4W,4W,True
928,Tao_Standing_clip14,78,71.229.185.191,4W,4W,True
929,Tao_Standing_clip14,75,97.103.24.42,4W,4W,True
930,Tao_Standing_clip14,70,24.20.124.0,4W,4W,True
931,Tao_Standing_clip14,61,137.97.83.189,3W,4W,False
932,Tao_Standing_clip14,67,173.2.201.11,4W,4W,True
933,Tao_Standing_clip14,73,157.50.94.146,4W,4W,True
934,Tao_Standing_clip14,82,216.110.214.42,4W,4W,True
935,Tao_Standing_clip14,75,73.139.146.195,4W,4W,True
936,Tao_Standing_clip14,73,157.51.231.246,4W,4W,True
937,Tao_Standing_clip14,73,173.88.65.163,4W,4W,True
938,Tao_Standing_clip14,73,142.196.129.55,4W,4W,True
939,Tao_Standing_clip14,68,153.91.61.183,3W,4W,False
940,Tao_Standing_clip14,67,208.66.88.198,4W,4W,True
941,Tao_Standing_clip14,69,24.175.68.0,4W,4W,True
942,Tao_Standing_clip3,79,65.31.180.86,4B,4B,True
943,Tao_Standing_clip3,62,174.50.86.53,4B,4B,True
944,Tao_Standing_clip3,69,73.174.148.148,4B,4B,True
945,Tao_Standing_clip3,76,73.110.34.66,4B,4B,True
946,Tao_Standing_clip3,67,98.235.134.55,4B,4B,True
947,Tao_Standing_clip3,67,73.148.231.128,4B,4B,True
948,Tao_Standing_clip3,68,73.139.146.195,4B,4B,True
949,Tao_Standing_clip3,73,75.164.34.213,4B,4B,True
950,Tao_Standing_clip3,71,68.96.169.162,4B,4B,True
951,Tao_Standing_clip3,63,74.220.142.146,4B,4B,True
952,Tao_Standing_clip3,72,104.11.61.83,4B,4B,True
953,Tao_Standing_clip3,56,157.51.231.246,4B,4B,True
954,Tao_Standing_clip3,70,71.8.86.183,4B,4B,True
955,Tao_Standing_clip3,58,71.229.185.191,4B,4B,True
956,Tao_Standing_clip3,52,97.103.24.42,3B,4B,False
957,Tao_Standing_clip3,64,24.20.124.0,4B,4B,True
958,Tao_Standing_clip3,68,137.97.83.189,4B,4B,True
959,Tao_Standing_clip3,63,173.2.201.11,4B,4B,True
960,Tao_Standing_clip3,63,157.50.94.146,4B,4B,True
961,Tao_Standing_clip3,74,71.105.180.164,4B,4B,True
962,Tao_Standing_clip3,65,216.110.214.42,4B,4B,True
963,Tao_Standing_clip3,78,73.139.146.195,4B,4B,True
964,Tao_Standing_clip3,68,157.51.231.246,4B,4B,True
965,Tao_Standing_clip3,73,173.88.65.163,4B,4B,True
966,Tao_Standing_clip3,52,142.196.129.55,4B,4B,True
967,Tao_Standing_clip3,68,153.91.61.183,4B,4B,True
968,Tao_Standing_clip3,79,208.66.88.198,4B,4B,True
969,Tao_Standing_clip3,74,192.3.231.20,4B,4B,True
970,Tao_Standing_clip3,73,24.175.68.0,4B,4B,True
971,Tao_Standing_clip10,62,65.31.180.86,1B,1B,True
972,Tao_Standing_clip10,46,174.50.86.53,1B,1B,True
973,Tao_Standing_clip10,55,166.137.252.96,1B,1B,True
974,Tao_Standing_clip10,54,73.174.148.148,1B,1B,True
975,Tao_Standing_clip10,60,73.110.34.66,1B,1B,True
976,Tao_Standing_clip10,68,98.235.134.55,1B,1B,True
977,Tao_Standing_clip10,47,73.148.231.128,1B,1B,True
978,Tao_Standing_clip10,47,73.139.146.195,1B,1B,True
979,Tao_Standing_clip10,52,75.164.34.213,1B,1B,True
980,Tao_Standing_clip10,36,68.96.169.162,1B,1B,True
981,Tao_Standing_clip10,54,74.220.142.146,1W,1B,False
982,Tao_Standing_clip10,59,104.11.61.83,1B,1B,True
983,Tao_Standing_clip10,58,157.51.231.246,1B,1B,True
984,Tao_Standing_clip10,57,71.8.86.183,1B,1B,True
985,Tao_Standing_clip10,59,71.229.185.191,1B,1B,True
986,Tao_Standing_clip10,61,97.103.24.42,1B,1B,True
987,Tao_Standing_clip10,51,24.20.124.0,1B,1B,True
988,Tao_Standing_clip10,42,137.97.83.189,1B,1B,True
989,Tao_Standing_clip10,59,173.2.201.11,1B,1B,True
990,Tao_Standing_clip10,58,157.50.94.146,1B,1B,True
991,Tao_Standing_clip10,61,216.110.214.42,1B,1B,True
992,Tao_Standing_clip10,61,157.51.231.246,1B,1B,True
993,Tao_Standing_clip10,49,173.88.65.163,1B,1B,True
994,Tao_Standing_clip10,46,142.196.129.55,1B,1B,True
995,Tao_Standing_clip10,57,153.91.61.183,1B,1B,True
996,Tao_Standing_clip10,56,208.66.88.198,1B,1B,True
997,Tao_Standing_clip10,58,192.3.231.20,1B,1B,True
998,Tao_Standing_clip10,58,24.175.68.0,1B,1B,True
999,Danny_Standing_clip1,60,73.174.148.148,2R,3R,False
1000,Danny_Standing_clip1,60,98.235.134.55,2R,3R,False
1001,Danny_Standing_clip1,60,73.148.231.128,3R,3R,True
1002,Danny_Standing_clip1,60,73.139.146.195,3R,3R,True
1003,Danny_Standing_clip1,60,75.164.34.213,1R,3R,False
1004,Danny_Standing_clip1,60,68.96.169.162,1R,3R,False
1005,Danny_Standing_clip1,60,74.220.142.146,3R,3R,True
1006,Danny_Standing_clip1,60,104.11.61.83,2R,3R,False
1007,Danny_Standing_clip1,60,157.51.231.246,3R,3R,True
1008,Danny_Standing_clip1,60,71.8.86.183,3R,3R,True
1009,Danny_Standing_clip1,60,97.103.24.42,3R,3R,True
1010,Danny_Standing_clip1,60,24.20.124.0,3R,3R,True
1011,Danny_Standing_clip1,60,137.97.83.189,3R,3R,True
1012,Danny_Standing_clip1,60,173.2.201.11,3R,3R,True
1013,Danny_Standing_clip1,60,157.50.94.146,3R,3R,True
1014,Danny_Standing_clip1,60,71.105.180.164,2R,3R,False
1015,Danny_Standing_clip1,60,216.110.214.42,3R,3R,True
1016,Danny_Standing_clip1,60,157.51.231.246,3R,3R,True
1017,Danny_Standing_clip1,60,173.88.65.163,3R,3R,True
1018,Danny_Standing_clip1,60,142.196.129.55,2R,3R,False
1019,Danny_Standing_clip1,60,153.91.61.183,3R,3R,True
1020,Danny_Standing_clip1,60,96.91.176.162,3R,3R,True
1021,Danny_Standing_clip1,60,208.66.88.198,3R,3R,True
1022,Danny_Standing_clip1,60,192.3.231.20,3R,3R,True
