,imgs,x,y
0,Tao_Sitting/Tao_Sitting_clip2/89435595075.png,96,155
1,Tao_Sitting/Tao_Sitting_clip2/89427925660.png,93,166
2,Tao_Sitting/Tao_Sitting_clip2/89450264953.png,238,154
3,Tao_Sitting/Tao_Sitting_clip2/89451594867.png,238,155
4,Tao_Sitting/Tao_Sitting_clip2/89446264939.png,228,138
5,Tao_Sitting/Tao_Sitting_clip2/89451264890.png,238,155
6,Tao_Sitting/Tao_Sitting_clip2/89436925650.png,105,147
7,Tao_Sitting/Tao_Sitting_clip2/89432925614.png,93,166
8,Tao_Sitting/Tao_Sitting_clip2/89422925687.png,93,166
9,Tao_Sitting/Tao_Sitting_clip2/89417265075.png,94,166
10,Tao_Sitting/Tao_Sitting_clip2/89424265067.png,93,167
11,Tao_Sitting/Tao_Sitting_clip2/89434925558.png,95,162
12,Tao_Sitting/Tao_Sitting_clip2/89435264941.png,96,160
13,Tao_Sitting/Tao_Sitting_clip2/89429264971.png,93,166
14,Tao_Sitting/Tao_Sitting_clip2/89448264931.png,236,148
15,Tao_Sitting/Tao_Sitting_clip2/89448594862.png,238,149
16,Tao_Sitting/Tao_Sitting_clip2/89443925588.png,201,124
17,Tao_Sitting/Tao_Sitting_clip2/89437594925.png,112,142
18,Tao_Sitting/Tao_Sitting_clip2/89428265003.png,93,165
19,Tao_Sitting/Tao_Sitting_clip2/89446925587.png,230,141
20,Tao_Sitting/Tao_Sitting_clip2/89440594885.png,151,119
21,Tao_Sitting/Tao_Sitting_clip2/89428925579.png,94,165
22,Tao_Sitting/Tao_Sitting_clip2/89442264951.png,181,120
23,Tao_Sitting/Tao_Sitting_clip2/89430925679.png,93,167
24,Tao_Sitting/Tao_Sitting_clip2/89423925796.png,93,167
25,Tao_Sitting/Tao_Sitting_clip2/89429594969.png,93,166
26,Tao_Sitting/Tao_Sitting_clip2/89445264920.png,218,133
27,Tao_Sitting/Tao_Sitting_clip2/89431595293.png,93,167
28,Tao_Sitting/Tao_Sitting_clip2/89450594873.png,238,154
29,Tao_Sitting/Tao_Sitting_clip2/89444594866.png,209,128
30,Tao_Sitting/Tao_Sitting_clip2/89423595056.png,93,166
31,Tao_Sitting/Tao_Sitting_clip2/89418265094.png,94,166
32,Tao_Sitting/Tao_Sitting_clip2/89442925572.png,189,122
33,Tao_Sitting/Tao_Sitting_clip2/89450925788.png,238,154
34,Tao_Sitting/Tao_Sitting_clip2/89420265041.png,94,165
35,Tao_Sitting/Tao_Sitting_clip2/89417925747.png,94,166
36,Tao_Sitting/Tao_Sitting_clip2/89449925573.png,238,153
37,Tao_Sitting/Tao_Sitting_clip2/89420925649.png,94,165
38,Tao_Sitting/Tao_Sitting_clip2/89444925558.png,214,132
39,Tao_Sitting/Tao_Sitting_clip2/89432594949.png,93,166
40,Tao_Sitting/Tao_Sitting_clip2/89426595048.png,93,166
41,Tao_Sitting/Tao_Sitting_clip2/89426925659.png,93,166
42,Tao_Sitting/Tao_Sitting_clip2/89441594931.png,168,119
43,Tao_Sitting/Tao_Sitting_clip2/89441925568.png,175,120
44,Tao_Sitting/Tao_Sitting_clip2/89439925649.png,140,121
45,Tao_Sitting/Tao_Sitting_clip2/89434264947.png,93,166
46,Tao_Sitting/Tao_Sitting_clip2/89439264944.png,130,126
47,Tao_Sitting/Tao_Sitting_clip2/89427265220.png,93,166
48,Tao_Sitting/Tao_Sitting_clip2/89438594938.png,125,134
49,Tao_Sitting/Tao_Sitting_clip2/89418925675.png,94,165
50,Tao_Sitting/Tao_Sitting_clip2/89422595152.png,93,166
51,Tao_Sitting/Tao_Sitting_clip2/89425265044.png,93,167
52,Tao_Sitting/Tao_Sitting_clip2/89445925520.png,225,135
53,Tao_Sitting/Tao_Sitting_clip2/89421595036.png,93,165
54,Tao_Sitting/Tao_Sitting_clip2/89444264904.png,204,124
55,Tao_Sitting/Tao_Sitting_clip2/89429925628.png,93,166
56,Tao_Sitting/Tao_Sitting_clip2/89418595137.png,94,166
57,Tao_Sitting/Tao_Sitting_clip2/89448925509.png,238,149
58,Tao_Sitting/Tao_Sitting_clip2/89449594884.png,239,153
59,Tao_Sitting/Tao_Sitting_clip2/89432264973.png,93,167
60,Tao_Sitting/Tao_Sitting_clip2/89438264928.png,119,135
61,Tao_Sitting/Tao_Sitting_clip2/89447264894.png,231,141
62,Tao_Sitting/Tao_Sitting_clip2/89435925637.png,97,153
63,Tao_Sitting/Tao_Sitting_clip2/89447594874.png,234,145
64,Tao_Sitting/Tao_Sitting_clip2/89439595044.png,135,123
65,Tao_Sitting/Tao_Sitting_clip2/89449264901.png,239,151
66,Tao_Sitting/Tao_Sitting_clip2/89422265027.png,93,166
67,Tao_Sitting/Tao_Sitting_clip2/89438925621.png,129,131
68,Tao_Sitting/Tao_Sitting_clip2/89430265008.png,93,167
69,Tao_Sitting/Tao_Sitting_clip2/89445594954.png,221,133
70,Tao_Sitting/Tao_Sitting_clip2/89425925670.png,93,166
71,Tao_Sitting/Tao_Sitting_clip2/89427595034.png,93,166
72,Tao_Sitting/Tao_Sitting_clip2/89431264996.png,93,167
73,Tao_Sitting/Tao_Sitting_clip2/89443264862.png,193,122
74,Tao_Sitting/Tao_Sitting_clip2/89428595007.png,93,166
75,Tao_Sitting/Tao_Sitting_clip2/89436594961.png,101,148
76,Tao_Sitting/Tao_Sitting_clip2/89440264923.png,146,121
77,Tao_Sitting/Tao_Sitting_clip2/89440925607.png,157,118
78,Tao_Sitting/Tao_Sitting_clip2/89420595036.png,94,165
79,Tao_Sitting/Tao_Sitting_clip2/89451925556.png,239,155
80,Tao_Sitting/Tao_Sitting_clip2/89433594953.png,93,166
81,Tao_Sitting/Tao_Sitting_clip2/89431925629.png,93,167
82,Tao_Sitting/Tao_Sitting_clip2/89421925731.png,93,166
83,Tao_Sitting/Tao_Sitting_clip2/89424925676.png,93,167
84,Tao_Sitting/Tao_Sitting_clip2/89433925681.png,93,166
85,Tao_Sitting/Tao_Sitting_clip2/89442594940.png,184,121
86,Tao_Sitting/Tao_Sitting_clip2/89433264967.png,94,166
87,Tao_Sitting/Tao_Sitting_clip2/89436264993.png,98,150
88,Tao_Sitting/Tao_Sitting_clip2/89447925506.png,235,147
89,Tao_Sitting/Tao_Sitting_clip2/89446594900.png,229,140
90,Tao_Sitting/Tao_Sitting_clip2/89421265105.png,94,165
91,Tao_Sitting/Tao_Sitting_clip2/89430594975.png,93,167
92,Tao_Sitting/Tao_Sitting_clip2/89443594926.png,196,123
93,Tao_Sitting/Tao_Sitting_clip2/89419595092.png,94,165
94,Tao_Sitting/Tao_Sitting_clip2/89437264891.png,108,145
95,Tao_Sitting/Tao_Sitting_clip2/89437925560.png,115,138
96,Tao_Sitting/Tao_Sitting_clip2/89426265014.png,93,167
97,Tao_Sitting/Tao_Sitting_clip2/89417595064.png,94,166
98,Tao_Sitting/Tao_Sitting_clip2/89419265104.png,94,165
99,Tao_Sitting/Tao_Sitting_clip2/89441264987.png,163,118
100,Tao_Sitting/Tao_Sitting_clip2/89424594963.png,93,167
101,Tao_Sitting/Tao_Sitting_clip2/89425595015.png,93,167
102,Tao_Sitting/Tao_Sitting_clip2/89419925721.png,94,165
103,Tao_Sitting/Tao_Sitting_clip2/89423265018.png,93,166
104,Tao_Sitting/Tao_Sitting_clip2/89434594932.png,94,165
105,Tao_Sitting/Tao_Sitting_clip5/89802263463.png,137,150
106,Tao_Sitting/Tao_Sitting_clip5/89791263514.png,92,176
107,Tao_Sitting/Tao_Sitting_clip5/89783593492.png,94,175
108,Tao_Sitting/Tao_Sitting_clip5/89794593505.png,89,153
109,Tao_Sitting/Tao_Sitting_clip5/89806593439.png,158,191
110,Tao_Sitting/Tao_Sitting_clip5/89787593549.png,94,176
111,Tao_Sitting/Tao_Sitting_clip5/89802593521.png,140,152
112,Tao_Sitting/Tao_Sitting_clip5/89788263500.png,94,177
113,Tao_Sitting/Tao_Sitting_clip5/89796593430.png,96,141
114,Tao_Sitting/Tao_Sitting_clip5/89805593433.png,157,181
115,Tao_Sitting/Tao_Sitting_clip5/89794924296.png,90,151
116,Tao_Sitting/Tao_Sitting_clip5/89788924259.png,95,177
117,Tao_Sitting/Tao_Sitting_clip5/89797924259.png,102,134
118,Tao_Sitting/Tao_Sitting_clip5/89799263495.png,111,135
119,Tao_Sitting/Tao_Sitting_clip5/89776924183.png,93,176
120,Tao_Sitting/Tao_Sitting_clip5/89789263567.png,94,178
121,Tao_Sitting/Tao_Sitting_clip5/89784924348.png,94,175
122,Tao_Sitting/Tao_Sitting_clip5/89805924206.png,158,184
123,Tao_Sitting/Tao_Sitting_clip5/89789593619.png,94,178
124,Tao_Sitting/Tao_Sitting_clip5/89785263510.png,95,175
125,Tao_Sitting/Tao_Sitting_clip5/89779593532.png,93,175
126,Tao_Sitting/Tao_Sitting_clip5/89802924129.png,144,155
127,Tao_Sitting/Tao_Sitting_clip5/89792263493.png,91,169
128,Tao_Sitting/Tao_Sitting_clip5/89784593523.png,95,175
129,Tao_Sitting/Tao_Sitting_clip5/89778593495.png,93,176
130,Tao_Sitting/Tao_Sitting_clip5/89791593554.png,91,175
131,Tao_Sitting/Tao_Sitting_clip5/89782593518.png,94,175
132,Tao_Sitting/Tao_Sitting_clip5/89788593543.png,94,177
133,Tao_Sitting/Tao_Sitting_clip5/89808593444.png,158,193
134,Tao_Sitting/Tao_Sitting_clip5/89785593569.png,95,174
135,Tao_Sitting/Tao_Sitting_clip5/89799924154.png,115,135
136,Tao_Sitting/Tao_Sitting_clip5/89799593559.png,113,135
137,Tao_Sitting/Tao_Sitting_clip5/89801924147.png,134,149
138,Tao_Sitting/Tao_Sitting_clip5/89795593505.png,93,147
139,Tao_Sitting/Tao_Sitting_clip5/89805263471.png,157,179
140,Tao_Sitting/Tao_Sitting_clip5/89807593413.png,157,193
141,Tao_Sitting/Tao_Sitting_clip5/89793263494.png,88,161
142,Tao_Sitting/Tao_Sitting_clip5/89806924041.png,157,192
143,Tao_Sitting/Tao_Sitting_clip5/89800924080.png,124,141
144,Tao_Sitting/Tao_Sitting_clip5/89803934264.png,150,167
145,Tao_Sitting/Tao_Sitting_clip5/89777263584.png,93,176
146,Tao_Sitting/Tao_Sitting_clip5/89809263416.png,158,193
147,Tao_Sitting/Tao_Sitting_clip5/89780263556.png,93,175
148,Tao_Sitting/Tao_Sitting_clip5/89780593617.png,93,175
149,Tao_Sitting/Tao_Sitting_clip5/89794263621.png,89,155
150,Tao_Sitting/Tao_Sitting_clip5/89801263547.png,128,145
151,Tao_Sitting/Tao_Sitting_clip5/89803593453.png,150,164
152,Tao_Sitting/Tao_Sitting_clip5/89791924162.png,91,173
153,Tao_Sitting/Tao_Sitting_clip5/89792924168.png,88,164
154,Tao_Sitting/Tao_Sitting_clip5/89807263436.png,158,193
155,Tao_Sitting/Tao_Sitting_clip5/89787263518.png,95,175
156,Tao_Sitting/Tao_Sitting_clip5/89806263454.png,158,190
157,Tao_Sitting/Tao_Sitting_clip5/89790593484.png,93,178
158,Tao_Sitting/Tao_Sitting_clip5/89808924139.png,158,193
159,Tao_Sitting/Tao_Sitting_clip5/89789934306.png,93,178
160,Tao_Sitting/Tao_Sitting_clip5/89777593543.png,93,175
161,Tao_Sitting/Tao_Sitting_clip5/89783263551.png,94,175
162,Tao_Sitting/Tao_Sitting_clip5/89786924171.png,94,175
163,Tao_Sitting/Tao_Sitting_clip5/89782924241.png,94,175
164,Tao_Sitting/Tao_Sitting_clip5/89777924171.png,93,175
165,Tao_Sitting/Tao_Sitting_clip5/89804263431.png,153,170
166,Tao_Sitting/Tao_Sitting_clip5/89798593486.png,104,134
167,Tao_Sitting/Tao_Sitting_clip5/89779263597.png,93,175
168,Tao_Sitting/Tao_Sitting_clip5/89795263510.png,92,149
169,Tao_Sitting/Tao_Sitting_clip5/89781593533.png,94,174
170,Tao_Sitting/Tao_Sitting_clip5/89796924095.png,97,139
171,Tao_Sitting/Tao_Sitting_clip5/89783924151.png,94,175
172,Tao_Sitting/Tao_Sitting_clip5/89800593484.png,122,138
173,Tao_Sitting/Tao_Sitting_clip5/89793593444.png,87,159
174,Tao_Sitting/Tao_Sitting_clip5/89787924129.png,94,176
175,Tao_Sitting/Tao_Sitting_clip5/89776263538.png,93,176
176,Tao_Sitting/Tao_Sitting_clip5/89776593524.png,93,175
177,Tao_Sitting/Tao_Sitting_clip5/89784263519.png,94,175
178,Tao_Sitting/Tao_Sitting_clip5/89780924167.png,93,175
179,Tao_Sitting/Tao_Sitting_clip5/89798263461.png,103,135
180,Tao_Sitting/Tao_Sitting_clip5/89795924188.png,93,146
181,Tao_Sitting/Tao_Sitting_clip5/89798924148.png,108,134
182,Tao_Sitting/Tao_Sitting_clip5/89781263571.png,93,175
183,Tao_Sitting/Tao_Sitting_clip5/89778263594.png,93,175
184,Tao_Sitting/Tao_Sitting_clip5/89778934236.png,93,175
185,Tao_Sitting/Tao_Sitting_clip5/89792593521.png,90,167
186,Tao_Sitting/Tao_Sitting_clip5/89807924129.png,158,193
187,Tao_Sitting/Tao_Sitting_clip5/89790263583.png,93,178
188,Tao_Sitting/Tao_Sitting_clip5/89786263517.png,95,174
189,Tao_Sitting/Tao_Sitting_clip5/89786593524.png,94,175
190,Tao_Sitting/Tao_Sitting_clip5/89797263509.png,98,136
191,Tao_Sitting/Tao_Sitting_clip5/89808263434.png,158,193
192,Tao_Sitting/Tao_Sitting_clip5/89785924240.png,95,174
193,Tao_Sitting/Tao_Sitting_clip5/89781924210.png,93,174
194,Tao_Sitting/Tao_Sitting_clip5/89801593530.png,131,147
195,Tao_Sitting/Tao_Sitting_clip5/89804924085.png,156,176
196,Tao_Sitting/Tao_Sitting_clip5/89797593500.png,101,135
197,Tao_Sitting/Tao_Sitting_clip5/89790924140.png,93,177
198,Tao_Sitting/Tao_Sitting_clip5/89803263431.png,148,162
199,Tao_Sitting/Tao_Sitting_clip5/89782263569.png,93,175
200,Tao_Sitting/Tao_Sitting_clip5/89796263435.png,96,145
201,Tao_Sitting/Tao_Sitting_clip5/89779934325.png,93,175
202,Tao_Sitting/Tao_Sitting_clip5/89800263565.png,117,136
203,Tao_Sitting/Tao_Sitting_clip4/89683924543.png,114,145
204,Tao_Sitting/Tao_Sitting_clip4/89692924606.png,269,136
205,Tao_Sitting/Tao_Sitting_clip4/89686263943.png,128,145
206,Tao_Sitting/Tao_Sitting_clip4/89673593927.png,94,174
207,Tao_Sitting/Tao_Sitting_clip4/89696593892.png,282,151
208,Tao_Sitting/Tao_Sitting_clip4/89696263906.png,283,151
209,Tao_Sitting/Tao_Sitting_clip4/89695924517.png,283,150
210,Tao_Sitting/Tao_Sitting_clip4/89671264030.png,94,174
211,Tao_Sitting/Tao_Sitting_clip4/89679924631.png,96,166
212,Tao_Sitting/Tao_Sitting_clip4/89679263960.png,94,173
213,Tao_Sitting/Tao_Sitting_clip4/89672924609.png,94,174
214,Tao_Sitting/Tao_Sitting_clip4/89689263905.png,198,135
215,Tao_Sitting/Tao_Sitting_clip4/89686924563.png,141,145
216,Tao_Sitting/Tao_Sitting_clip4/89677593959.png,93,174
217,Tao_Sitting/Tao_Sitting_clip4/89677263952.png,94,175
218,Tao_Sitting/Tao_Sitting_clip4/89676924660.png,94,175
219,Tao_Sitting/Tao_Sitting_clip4/89672593968.png,94,174
220,Tao_Sitting/Tao_Sitting_clip4/89682263889.png,104,149
221,Tao_Sitting/Tao_Sitting_clip4/89684593927.png,116,145
222,Tao_Sitting/Tao_Sitting_clip4/89678593969.png,94,173
223,Tao_Sitting/Tao_Sitting_clip4/89694263884.png,280,145
224,Tao_Sitting/Tao_Sitting_clip4/89682593947.png,106,147
225,Tao_Sitting/Tao_Sitting_clip4/89679593936.png,96,169
226,Tao_Sitting/Tao_Sitting_clip4/89692263883.png,260,133
227,Tao_Sitting/Tao_Sitting_clip4/89697924534.png,283,153
228,Tao_Sitting/Tao_Sitting_clip4/89683593924.png,111,145
229,Tao_Sitting/Tao_Sitting_clip4/89688593896.png,180,137
230,Tao_Sitting/Tao_Sitting_clip4/89695263984.png,282,148
231,Tao_Sitting/Tao_Sitting_clip4/89682924540.png,109,146
232,Tao_Sitting/Tao_Sitting_clip4/89685593882.png,120,145
233,Tao_Sitting/Tao_Sitting_clip4/89678263974.png,94,173
234,Tao_Sitting/Tao_Sitting_clip4/89670264030.png,94,175
235,Tao_Sitting/Tao_Sitting_clip4/89681593965.png,100,151
236,Tao_Sitting/Tao_Sitting_clip4/89673264004.png,94,174
237,Tao_Sitting/Tao_Sitting_clip4/89696924545.png,282,152
238,Tao_Sitting/Tao_Sitting_clip4/89680263882.png,96,162
239,Tao_Sitting/Tao_Sitting_clip4/89681263943.png,98,153
240,Tao_Sitting/Tao_Sitting_clip4/89678924595.png,94,173
241,Tao_Sitting/Tao_Sitting_clip4/89670924599.png,94,175
242,Tao_Sitting/Tao_Sitting_clip4/89697263874.png,282,152
243,Tao_Sitting/Tao_Sitting_clip4/89675924635.png,95,175
244,Tao_Sitting/Tao_Sitting_clip4/89684924637.png,118,145
245,Tao_Sitting/Tao_Sitting_clip4/89694924538.png,281,148
246,Tao_Sitting/Tao_Sitting_clip4/89669263969.png,94,175
247,Tao_Sitting/Tao_Sitting_clip4/89683263917.png,110,145
248,Tao_Sitting/Tao_Sitting_clip4/89690593949.png,232,133
249,Tao_Sitting/Tao_Sitting_clip4/89686593880.png,135,146
250,Tao_Sitting/Tao_Sitting_clip4/89694593930.png,281,147
251,Tao_Sitting/Tao_Sitting_clip4/89687924591.png,166,140
252,Tao_Sitting/Tao_Sitting_clip4/89691594061.png,251,132
253,Tao_Sitting/Tao_Sitting_clip4/89697593872.png,283,152
254,Tao_Sitting/Tao_Sitting_clip4/89690924599.png,238,132
255,Tao_Sitting/Tao_Sitting_clip4/89692593850.png,265,134
256,Tao_Sitting/Tao_Sitting_clip4/89672263922.png,94,174
257,Tao_Sitting/Tao_Sitting_clip4/89681924578.png,101,150
258,Tao_Sitting/Tao_Sitting_clip4/89675593970.png,95,175
259,Tao_Sitting/Tao_Sitting_clip4/89685934666.png,123,145
260,Tao_Sitting/Tao_Sitting_clip4/89671924678.png,94,174
261,Tao_Sitting/Tao_Sitting_clip4/89675263951.png,95,175
262,Tao_Sitting/Tao_Sitting_clip4/89685263918.png,118,145
263,Tao_Sitting/Tao_Sitting_clip4/89676263958.png,95,175
264,Tao_Sitting/Tao_Sitting_clip4/89688263926.png,173,140
265,Tao_Sitting/Tao_Sitting_clip4/89669593957.png,94,175
266,Tao_Sitting/Tao_Sitting_clip4/89689924505.png,215,134
267,Tao_Sitting/Tao_Sitting_clip4/89673934710.png,94,175
268,Tao_Sitting/Tao_Sitting_clip4/89670594133.png,94,175
269,Tao_Sitting/Tao_Sitting_clip4/89687593881.png,153,140
270,Tao_Sitting/Tao_Sitting_clip4/89674593988.png,95,175
271,Tao_Sitting/Tao_Sitting_clip4/89688924567.png,189,137
272,Tao_Sitting/Tao_Sitting_clip4/89669924643.png,94,175
273,Tao_Sitting/Tao_Sitting_clip4/89693924531.png,276,142
274,Tao_Sitting/Tao_Sitting_clip4/89680593979.png,97,159
275,Tao_Sitting/Tao_Sitting_clip4/89690263936.png,224,133
276,Tao_Sitting/Tao_Sitting_clip4/89693263917.png,271,138
277,Tao_Sitting/Tao_Sitting_clip4/89676594046.png,95,175
278,Tao_Sitting/Tao_Sitting_clip4/89687263913.png,148,142
279,Tao_Sitting/Tao_Sitting_clip4/89693593887.png,273,140
280,Tao_Sitting/Tao_Sitting_clip4/89684263926.png,116,146
281,Tao_Sitting/Tao_Sitting_clip4/89671593980.png,94,174
282,Tao_Sitting/Tao_Sitting_clip4/89674924574.png,95,175
283,Tao_Sitting/Tao_Sitting_clip4/89689593858.png,207,137
284,Tao_Sitting/Tao_Sitting_clip4/89680924584.png,98,155
285,Tao_Sitting/Tao_Sitting_clip4/89695593934.png,282,149
286,Tao_Sitting/Tao_Sitting_clip4/89691924602.png,256,132
287,Tao_Sitting/Tao_Sitting_clip4/89677924594.png,93,174
288,Tao_Sitting/Tao_Sitting_clip4/89691263952.png,244,131
289,Tao_Sitting/Tao_Sitting_clip4/89674263987.png,94,174
290,Tao_Sitting/Tao_Sitting_clip3/89564925096.png,122,147
291,Tao_Sitting/Tao_Sitting_clip3/89555594483.png,93,147
292,Tao_Sitting/Tao_Sitting_clip3/89544594513.png,93,173
293,Tao_Sitting/Tao_Sitting_clip3/89573264406.png,251,163
294,Tao_Sitting/Tao_Sitting_clip3/89556594514.png,95,148
295,Tao_Sitting/Tao_Sitting_clip3/89535594649.png,93,174
296,Tao_Sitting/Tao_Sitting_clip3/89538925192.png,93,167
297,Tao_Sitting/Tao_Sitting_clip3/89576594417.png,264,178
298,Tao_Sitting/Tao_Sitting_clip3/89560594483.png,102,150
299,Tao_Sitting/Tao_Sitting_clip3/89549925223.png,93,167
300,Tao_Sitting/Tao_Sitting_clip3/89569264430.png,205,134
301,Tao_Sitting/Tao_Sitting_clip3/89541594535.png,93,174
302,Tao_Sitting/Tao_Sitting_clip3/89539264569.png,92,167
303,Tao_Sitting/Tao_Sitting_clip3/89560264449.png,101,150
304,Tao_Sitting/Tao_Sitting_clip3/89567264411.png,163,132
305,Tao_Sitting/Tao_Sitting_clip3/89566594451.png,151,134
306,Tao_Sitting/Tao_Sitting_clip3/89541925239.png,93,174
307,Tao_Sitting/Tao_Sitting_clip3/89575264416.png,263,176
308,Tao_Sitting/Tao_Sitting_clip3/89535264537.png,93,174
309,Tao_Sitting/Tao_Sitting_clip3/89570264425.png,222,138
310,Tao_Sitting/Tao_Sitting_clip3/89535925187.png,94,174
311,Tao_Sitting/Tao_Sitting_clip3/89577925032.png,263,180
312,Tao_Sitting/Tao_Sitting_clip3/89556264483.png,94,148
313,Tao_Sitting/Tao_Sitting_clip3/89548925096.png,92,168
314,Tao_Sitting/Tao_Sitting_clip3/89568594467.png,191,132
315,Tao_Sitting/Tao_Sitting_clip3/89576264423.png,263,178
316,Tao_Sitting/Tao_Sitting_clip3/89547594469.png,93,174
317,Tao_Sitting/Tao_Sitting_clip3/89550594529.png,93,166
318,Tao_Sitting/Tao_Sitting_clip3/89554925129.png,92,148
319,Tao_Sitting/Tao_Sitting_clip3/89579264467.png,263,180
320,Tao_Sitting/Tao_Sitting_clip3/89550264537.png,93,166
321,Tao_Sitting/Tao_Sitting_clip3/89569925051.png,217,137
322,Tao_Sitting/Tao_Sitting_clip3/89570925118.png,231,146
323,Tao_Sitting/Tao_Sitting_clip3/89551925131.png,91,161
324,Tao_Sitting/Tao_Sitting_clip3/89542925155.png,93,173
325,Tao_Sitting/Tao_Sitting_clip3/89538264526.png,93,166
326,Tao_Sitting/Tao_Sitting_clip3/89557925122.png,98,147
327,Tao_Sitting/Tao_Sitting_clip3/89551264423.png,92,167
328,Tao_Sitting/Tao_Sitting_clip3/89579594446.png,263,179
329,Tao_Sitting/Tao_Sitting_clip3/89548264484.png,92,173
330,Tao_Sitting/Tao_Sitting_clip3/89545594513.png,21,167
331,Tao_Sitting/Tao_Sitting_clip3/89544925120.png,94,173
332,Tao_Sitting/Tao_Sitting_clip3/89571925082.png,241,152
333,Tao_Sitting/Tao_Sitting_clip3/89554594483.png,92,149
334,Tao_Sitting/Tao_Sitting_clip3/89569594458.png,211,136
335,Tao_Sitting/Tao_Sitting_clip3/89578594331.png,263,180
336,Tao_Sitting/Tao_Sitting_clip3/89539594703.png,92,166
337,Tao_Sitting/Tao_Sitting_clip3/89555264549.png,93,148
338,Tao_Sitting/Tao_Sitting_clip3/89538594576.png,93,166
339,Tao_Sitting/Tao_Sitting_clip3/89558925105.png,99,147
340,Tao_Sitting/Tao_Sitting_clip3/89564264491.png,114,150
341,Tao_Sitting/Tao_Sitting_clip3/89570594465.png,225,141
342,Tao_Sitting/Tao_Sitting_clip3/89574264364.png,256,169
343,Tao_Sitting/Tao_Sitting_clip3/89565925094.png,139,137
344,Tao_Sitting/Tao_Sitting_clip3/89557264496.png,96,147
345,Tao_Sitting/Tao_Sitting_clip3/89554264449.png,92,149
346,Tao_Sitting/Tao_Sitting_clip3/89575594447.png,262,177
347,Tao_Sitting/Tao_Sitting_clip3/89543594512.png,93,173
348,Tao_Sitting/Tao_Sitting_clip3/89572594608.png,246,156
349,Tao_Sitting/Tao_Sitting_clip3/89550925133.png,92,167
350,Tao_Sitting/Tao_Sitting_clip3/89577264426.png,264,180
351,Tao_Sitting/Tao_Sitting_clip3/89545925178.png,21,168
352,Tao_Sitting/Tao_Sitting_clip3/89543264478.png,93,173
353,Tao_Sitting/Tao_Sitting_clip3/89577594388.png,264,180
354,Tao_Sitting/Tao_Sitting_clip3/89536594786.png,93,174
355,Tao_Sitting/Tao_Sitting_clip3/89537594487.png,93,174
356,Tao_Sitting/Tao_Sitting_clip3/89548594515.png,91,174
357,Tao_Sitting/Tao_Sitting_clip3/89568264421.png,183,131
358,Tao_Sitting/Tao_Sitting_clip3/89559925163.png,101,148
359,Tao_Sitting/Tao_Sitting_clip3/89552264514.png,90,160
360,Tao_Sitting/Tao_Sitting_clip3/89540925148.png,93,174
361,Tao_Sitting/Tao_Sitting_clip3/89544264557.png,93,173
362,Tao_Sitting/Tao_Sitting_clip3/89564594516.png,116,148
363,Tao_Sitting/Tao_Sitting_clip3/89540264507.png,93,166
364,Tao_Sitting/Tao_Sitting_clip3/89552594472.png,90,158
365,Tao_Sitting/Tao_Sitting_clip3/89546264492.png,93,174
366,Tao_Sitting/Tao_Sitting_clip3/89540594501.png,93,173
367,Tao_Sitting/Tao_Sitting_clip3/89565264413.png,128,145
368,Tao_Sitting/Tao_Sitting_clip3/89563925099.png,111,152
369,Tao_Sitting/Tao_Sitting_clip3/89566925137.png,158,133
370,Tao_Sitting/Tao_Sitting_clip3/89539925205.png,93,166
371,Tao_Sitting/Tao_Sitting_clip3/89551594478.png,91,166
372,Tao_Sitting/Tao_Sitting_clip3/89571264401.png,233,147
373,Tao_Sitting/Tao_Sitting_clip3/89545264488.png,94,173
374,Tao_Sitting/Tao_Sitting_clip3/89572264384.png,244,154
375,Tao_Sitting/Tao_Sitting_clip3/89560925121.png,102,151
376,Tao_Sitting/Tao_Sitting_clip3/89537264526.png,94,174
377,Tao_Sitting/Tao_Sitting_clip3/89559264491.png,100,147
378,Tao_Sitting/Tao_Sitting_clip3/89543925174.png,93,173
379,Tao_Sitting/Tao_Sitting_clip3/89572925092.png,158,55
380,Tao_Sitting/Tao_Sitting_clip3/89567925032.png,178,132
381,Tao_Sitting/Tao_Sitting_clip3/89563264388.png,106,154
382,Tao_Sitting/Tao_Sitting_clip3/89536925134.png,93,174
383,Tao_Sitting/Tao_Sitting_clip3/89562264499.png,102,155
384,Tao_Sitting/Tao_Sitting_clip3/89571594408.png,237,150
385,Tao_Sitting/Tao_Sitting_clip3/89561925034.png,102,155
386,Tao_Sitting/Tao_Sitting_clip3/89557594445.png,97,147
387,Tao_Sitting/Tao_Sitting_clip3/89546594502.png,92,170
388,Tao_Sitting/Tao_Sitting_clip3/89578264336.png,263,180
389,Tao_Sitting/Tao_Sitting_clip3/89552925152.png,90,155
390,Tao_Sitting/Tao_Sitting_clip3/89578925044.png,263,180
391,Tao_Sitting/Tao_Sitting_clip3/89558594476.png,99,147
392,Tao_Sitting/Tao_Sitting_clip3/89549594492.png,93,168
393,Tao_Sitting/Tao_Sitting_clip3/89566264444.png,146,136
394,Tao_Sitting/Tao_Sitting_clip3/89574594528.png,259,174
395,Tao_Sitting/Tao_Sitting_clip3/89562594557.png,103,154
396,Tao_Sitting/Tao_Sitting_clip3/89546925134.png,92,170
397,Tao_Sitting/Tao_Sitting_clip3/89568925029.png,198,133
398,Tao_Sitting/Tao_Sitting_clip3/89553264478.png,91,154
399,Tao_Sitting/Tao_Sitting_clip3/89561594399.png,102,154
400,Tao_Sitting/Tao_Sitting_clip3/89573925123.png,253,166
401,Tao_Sitting/Tao_Sitting_clip3/89579925030.png,263,179
402,Tao_Sitting/Tao_Sitting_clip3/89555925224.png,94,148
403,Tao_Sitting/Tao_Sitting_clip3/89567594406.png,171,132
404,Tao_Sitting/Tao_Sitting_clip3/89547264453.png,94,173
405,Tao_Sitting/Tao_Sitting_clip3/89556925173.png,96,148
406,Tao_Sitting/Tao_Sitting_clip3/89547925183.png,93,173
407,Tao_Sitting/Tao_Sitting_clip3/89575925055.png,262,177
408,Tao_Sitting/Tao_Sitting_clip3/89559594567.png,100,148
409,Tao_Sitting/Tao_Sitting_clip3/89537925137.png,94,174
410,Tao_Sitting/Tao_Sitting_clip3/89561264432.png,102,153
411,Tao_Sitting/Tao_Sitting_clip3/89542264505.png,93,173
412,Tao_Sitting/Tao_Sitting_clip3/89573594588.png,252,165
413,Tao_Sitting/Tao_Sitting_clip3/89553925192.png,91,150
414,Tao_Sitting/Tao_Sitting_clip3/89541264519.png,93,174
415,Tao_Sitting/Tao_Sitting_clip3/89542594650.png,93,174
416,Tao_Sitting/Tao_Sitting_clip3/89563594527.png,108,153
417,Tao_Sitting/Tao_Sitting_clip3/89574925157.png,261,175
418,Tao_Sitting/Tao_Sitting_clip3/89565594456.png,132,140
419,Tao_Sitting/Tao_Sitting_clip3/89536264646.png,93,174
420,Tao_Sitting/Tao_Sitting_clip3/89549264503.png,92,168
421,Tao_Sitting/Tao_Sitting_clip3/89562925116.png,104,155
422,Tao_Sitting/Tao_Sitting_clip3/89576924989.png,263,179
423,Tao_Sitting/Tao_Sitting_clip3/89553594476.png,91,151
424,Tao_Sitting/Tao_Sitting_clip3/89558264451.png,99,147
425,Tao_Sitting/Tao_Sitting_clip10/90390931774.png,96,166
426,Tao_Sitting/Tao_Sitting_clip10/90385261080.png,97,175
427,Tao_Sitting/Tao_Sitting_clip10/90387591369.png,96,177
428,Tao_Sitting/Tao_Sitting_clip10/90395931949.png,119,137
429,Tao_Sitting/Tao_Sitting_clip10/90389931789.png,95,175
430,Tao_Sitting/Tao_Sitting_clip10/90409260929.png,251,164
431,Tao_Sitting/Tao_Sitting_clip10/90397261045.png,138,132
432,Tao_Sitting/Tao_Sitting_clip10/90389591017.png,95,177
433,Tao_Sitting/Tao_Sitting_clip10/90407261009.png,252,162
434,Tao_Sitting/Tao_Sitting_clip10/90383261085.png,96,174
435,Tao_Sitting/Tao_Sitting_clip10/90381931802.png,95,175
436,Tao_Sitting/Tao_Sitting_clip10/90377591097.png,93,178
437,Tao_Sitting/Tao_Sitting_clip10/90403260961.png,237,141
438,Tao_Sitting/Tao_Sitting_clip10/90378591158.png,93,178
439,Tao_Sitting/Tao_Sitting_clip10/90380591096.png,94,177
440,Tao_Sitting/Tao_Sitting_clip10/90397590974.png,145,132
441,Tao_Sitting/Tao_Sitting_clip10/90393931746.png,107,144
442,Tao_Sitting/Tao_Sitting_clip10/90389261025.png,95,178
443,Tao_Sitting/Tao_Sitting_clip10/90409590930.png,251,164
444,Tao_Sitting/Tao_Sitting_clip10/90408931692.png,251,164
445,Tao_Sitting/Tao_Sitting_clip10/90396931748.png,133,134
446,Tao_Sitting/Tao_Sitting_clip10/90382931833.png,96,174
447,Tao_Sitting/Tao_Sitting_clip10/90399590942.png,186,127
448,Tao_Sitting/Tao_Sitting_clip10/90402931797.png,235,139
449,Tao_Sitting/Tao_Sitting_clip10/90388590998.png,96,178
450,Tao_Sitting/Tao_Sitting_clip10/90382261036.png,96,175
451,Tao_Sitting/Tao_Sitting_clip10/90398931740.png,170,127
452,Tao_Sitting/Tao_Sitting_clip10/90406260993.png,251,160
453,Tao_Sitting/Tao_Sitting_clip10/90381591133.png,95,175
454,Tao_Sitting/Tao_Sitting_clip10/90392261000.png,98,152
455,Tao_Sitting/Tao_Sitting_clip10/90383591170.png,97,175
456,Tao_Sitting/Tao_Sitting_clip10/90378261321.png,93,178
457,Tao_Sitting/Tao_Sitting_clip10/90409931737.png,251,164
458,Tao_Sitting/Tao_Sitting_clip10/90398260973.png,159,130
459,Tao_Sitting/Tao_Sitting_clip10/90380931829.png,95,176
460,Tao_Sitting/Tao_Sitting_clip10/90383931809.png,97,175
461,Tao_Sitting/Tao_Sitting_clip10/90401590973.png,223,132
462,Tao_Sitting/Tao_Sitting_clip10/90400261026.png,198,127
463,Tao_Sitting/Tao_Sitting_clip10/90396590958.png,128,135
464,Tao_Sitting/Tao_Sitting_clip10/90386591021.png,96,177
465,Tao_Sitting/Tao_Sitting_clip10/90387261075.png,96,177
466,Tao_Sitting/Tao_Sitting_clip10/90377931797.png,93,178
467,Tao_Sitting/Tao_Sitting_clip10/90405260929.png,249,154
468,Tao_Sitting/Tao_Sitting_clip10/90410590982.png,251,164
469,Tao_Sitting/Tao_Sitting_clip10/90402590956.png,231,137
470,Tao_Sitting/Tao_Sitting_clip10/90394261001.png,110,141
471,Tao_Sitting/Tao_Sitting_clip10/90410931690.png,251,164
472,Tao_Sitting/Tao_Sitting_clip10/90399931780.png,193,127
473,Tao_Sitting/Tao_Sitting_clip10/90406590913.png,251,160
474,Tao_Sitting/Tao_Sitting_clip10/90384591059.png,97,175
475,Tao_Sitting/Tao_Sitting_clip10/90397931776.png,152,130
476,Tao_Sitting/Tao_Sitting_clip10/90384261046.png,97,175
477,Tao_Sitting/Tao_Sitting_clip10/90390261062.png,95,173
478,Tao_Sitting/Tao_Sitting_clip10/90388261016.png,96,178
479,Tao_Sitting/Tao_Sitting_clip10/90394591005.png,111,141
480,Tao_Sitting/Tao_Sitting_clip10/90407590956.png,252,163
481,Tao_Sitting/Tao_Sitting_clip10/90378931858.png,93,178
482,Tao_Sitting/Tao_Sitting_clip10/90400931744.png,210,127
483,Tao_Sitting/Tao_Sitting_clip10/90401260972.png,218,131
484,Tao_Sitting/Tao_Sitting_clip10/90391261014.png,96,162
485,Tao_Sitting/Tao_Sitting_clip10/90385931783.png,96,176
486,Tao_Sitting/Tao_Sitting_clip10/90393261094.png,101,147
487,Tao_Sitting/Tao_Sitting_clip10/90376261069.png,93,178
488,Tao_Sitting/Tao_Sitting_clip10/90376591100.png,93,178
489,Tao_Sitting/Tao_Sitting_clip10/90404931677.png,246,152
490,Tao_Sitting/Tao_Sitting_clip10/90395260953.png,115,139
491,Tao_Sitting/Tao_Sitting_clip10/90401931730.png,226,133
492,Tao_Sitting/Tao_Sitting_clip10/90390591042.png,96,169
493,Tao_Sitting/Tao_Sitting_clip10/90408260937.png,251,163
494,Tao_Sitting/Tao_Sitting_clip10/90382591097.png,96,175
495,Tao_Sitting/Tao_Sitting_clip10/90403931788.png,242,147
496,Tao_Sitting/Tao_Sitting_clip10/90381261081.png,95,176
497,Tao_Sitting/Tao_Sitting_clip10/90386931799.png,96,177
498,Tao_Sitting/Tao_Sitting_clip10/90392931809.png,99,149
499,Tao_Sitting/Tao_Sitting_clip10/90404260950.png,244,149
500,Tao_Sitting/Tao_Sitting_clip10/90403591189.png,239,146
501,Tao_Sitting/Tao_Sitting_clip10/90410260993.png,251,164
502,Tao_Sitting/Tao_Sitting_clip10/90404590966.png,245,150
503,Tao_Sitting/Tao_Sitting_clip10/90407931724.png,251,163
504,Tao_Sitting/Tao_Sitting_clip10/90395590963.png,116,137
505,Tao_Sitting/Tao_Sitting_clip10/90393591071.png,105,145
506,Tao_Sitting/Tao_Sitting_clip10/90379932067.png,94,177
507,Tao_Sitting/Tao_Sitting_clip10/90391931802.png,98,154
508,Tao_Sitting/Tao_Sitting_clip10/90402261030.png,229,135
509,Tao_Sitting/Tao_Sitting_clip10/90388931906.png,96,178
510,Tao_Sitting/Tao_Sitting_clip10/90391591055.png,97,159
511,Tao_Sitting/Tao_Sitting_clip10/90398591167.png,166,128
512,Tao_Sitting/Tao_Sitting_clip10/90379261062.png,94,178
513,Tao_Sitting/Tao_Sitting_clip10/90380261050.png,94,177
514,Tao_Sitting/Tao_Sitting_clip10/90387931827.png,96,177
515,Tao_Sitting/Tao_Sitting_clip10/90405590988.png,250,156
516,Tao_Sitting/Tao_Sitting_clip10/90405931717.png,250,158
517,Tao_Sitting/Tao_Sitting_clip10/90396261005.png,124,137
518,Tao_Sitting/Tao_Sitting_clip10/90408590977.png,251,164
519,Tao_Sitting/Tao_Sitting_clip10/90376931775.png,93,178
520,Tao_Sitting/Tao_Sitting_clip10/90379591056.png,94,177
521,Tao_Sitting/Tao_Sitting_clip10/90385590985.png,96,176
522,Tao_Sitting/Tao_Sitting_clip10/90392590998.png,98,150
523,Tao_Sitting/Tao_Sitting_clip10/90377261084.png,93,178
524,Tao_Sitting/Tao_Sitting_clip10/90394931716.png,113,141
525,Tao_Sitting/Tao_Sitting_clip10/90406931727.png,252,162
526,Tao_Sitting/Tao_Sitting_clip10/90386261045.png,97,177
527,Tao_Sitting/Tao_Sitting_clip10/90384931792.png,96,175
528,Tao_Sitting/Tao_Sitting_clip10/90399260980.png,177,127
529,Tao_Sitting/Tao_Sitting_clip10/90400590969.png,205,126
530,Tao_Sitting/Tao_Sitting_clip11/90533931236.png,233,156
531,Tao_Sitting/Tao_Sitting_clip11/90521260492.png,100,149
532,Tao_Sitting/Tao_Sitting_clip11/90512590500.png,93,182
533,Tao_Sitting/Tao_Sitting_clip11/90522590485.png,102,152
534,Tao_Sitting/Tao_Sitting_clip11/90504260548.png,94,177
535,Tao_Sitting/Tao_Sitting_clip11/90510931261.png,96,181
536,Tao_Sitting/Tao_Sitting_clip11/90511590496.png,96,182
537,Tao_Sitting/Tao_Sitting_clip11/90538931190.png,284,195
538,Tao_Sitting/Tao_Sitting_clip11/90540260374.png,284,198
539,Tao_Sitting/Tao_Sitting_clip11/90520260431.png,99,149
540,Tao_Sitting/Tao_Sitting_clip11/90509260560.png,96,178
541,Tao_Sitting/Tao_Sitting_clip11/90532260423.png,199,145
542,Tao_Sitting/Tao_Sitting_clip11/90508590521.png,96,178
543,Tao_Sitting/Tao_Sitting_clip11/90514590459.png,93,169
544,Tao_Sitting/Tao_Sitting_clip11/90503260499.png,94,177
545,Tao_Sitting/Tao_Sitting_clip11/90515931321.png,93,160
546,Tao_Sitting/Tao_Sitting_clip11/90539590428.png,284,197
547,Tao_Sitting/Tao_Sitting_clip11/90535590514.png,261,174
548,Tao_Sitting/Tao_Sitting_clip11/90522260502.png,102,151
549,Tao_Sitting/Tao_Sitting_clip11/90527260445.png,108,155
550,Tao_Sitting/Tao_Sitting_clip11/90539931134.png,284,198
551,Tao_Sitting/Tao_Sitting_clip11/90533260445.png,219,151
552,Tao_Sitting/Tao_Sitting_clip11/90499590555.png,94,178
553,Tao_Sitting/Tao_Sitting_clip11/90539260385.png,284,197
554,Tao_Sitting/Tao_Sitting_clip11/90533590458.png,224,154
555,Tao_Sitting/Tao_Sitting_clip11/90529260470.png,135,145
556,Tao_Sitting/Tao_Sitting_clip11/90513931251.png,91,176
557,Tao_Sitting/Tao_Sitting_clip11/90499931303.png,94,178
558,Tao_Sitting/Tao_Sitting_clip11/90534590561.png,243,163
559,Tao_Sitting/Tao_Sitting_clip11/90509931273.png,96,179
560,Tao_Sitting/Tao_Sitting_clip11/90502260577.png,94,177
561,Tao_Sitting/Tao_Sitting_clip11/90497590563.png,93,178
562,Tao_Sitting/Tao_Sitting_clip11/90526260456.png,102,159
563,Tao_Sitting/Tao_Sitting_clip11/90502590651.png,94,177
564,Tao_Sitting/Tao_Sitting_clip11/90527931268.png,114,152
565,Tao_Sitting/Tao_Sitting_clip11/90498590579.png,94,178
566,Tao_Sitting/Tao_Sitting_clip11/90497260526.png,94,178
567,Tao_Sitting/Tao_Sitting_clip11/90528590443.png,124,149
568,Tao_Sitting/Tao_Sitting_clip11/90528260448.png,119,150
569,Tao_Sitting/Tao_Sitting_clip11/90541590396.png,283,198
570,Tao_Sitting/Tao_Sitting_clip11/90496931325.png,93,178
571,Tao_Sitting/Tao_Sitting_clip11/90517590433.png,96,151
572,Tao_Sitting/Tao_Sitting_clip11/90522931265.png,102,153
573,Tao_Sitting/Tao_Sitting_clip11/90516260498.png,93,159
574,Tao_Sitting/Tao_Sitting_clip11/90505590583.png,95,177
575,Tao_Sitting/Tao_Sitting_clip11/90535260431.png,256,170
576,Tao_Sitting/Tao_Sitting_clip11/90508931260.png,96,178
577,Tao_Sitting/Tao_Sitting_clip11/90530590420.png,162,137
578,Tao_Sitting/Tao_Sitting_clip11/90505260827.png,95,178
579,Tao_Sitting/Tao_Sitting_clip11/90495590586.png,94,178
580,Tao_Sitting/Tao_Sitting_clip11/90534260533.png,240,162
581,Tao_Sitting/Tao_Sitting_clip11/90525590480.png,100,160
582,Tao_Sitting/Tao_Sitting_clip11/90501931346.png,94,177
583,Tao_Sitting/Tao_Sitting_clip11/90530260413.png,153,139
584,Tao_Sitting/Tao_Sitting_clip11/90498931275.png,94,178
585,Tao_Sitting/Tao_Sitting_clip11/90524931267.png,100,160
586,Tao_Sitting/Tao_Sitting_clip11/90513590512.png,92,177
587,Tao_Sitting/Tao_Sitting_clip11/90519931242.png,99,149
588,Tao_Sitting/Tao_Sitting_clip11/90537590454.png,280,189
589,Tao_Sitting/Tao_Sitting_clip11/90515260522.png,93,163
590,Tao_Sitting/Tao_Sitting_clip11/90523590509.png,102,155
591,Tao_Sitting/Tao_Sitting_clip11/90520931222.png,100,149
592,Tao_Sitting/Tao_Sitting_clip11/90531260471.png,175,139
593,Tao_Sitting/Tao_Sitting_clip11/90506931253.png,96,178
594,Tao_Sitting/Tao_Sitting_clip11/90495260588.png,94,178
595,Tao_Sitting/Tao_Sitting_clip11/90524590425.png,101,160
596,Tao_Sitting/Tao_Sitting_clip11/90525931207.png,101,160
597,Tao_Sitting/Tao_Sitting_clip11/90518931197.png,98,149
598,Tao_Sitting/Tao_Sitting_clip11/90536590409.png,271,179
599,Tao_Sitting/Tao_Sitting_clip11/90509590516.png,96,179
600,Tao_Sitting/Tao_Sitting_clip11/90496260559.png,94,178
601,Tao_Sitting/Tao_Sitting_clip11/90526590454.png,104,156
602,Tao_Sitting/Tao_Sitting_clip11/90510590514.png,96,180
603,Tao_Sitting/Tao_Sitting_clip11/90534931167.png,251,167
604,Tao_Sitting/Tao_Sitting_clip11/90521590547.png,101,150
605,Tao_Sitting/Tao_Sitting_clip11/90506260562.png,96,178
606,Tao_Sitting/Tao_Sitting_clip11/90516590511.png,94,155
607,Tao_Sitting/Tao_Sitting_clip11/90497931359.png,94,178
608,Tao_Sitting/Tao_Sitting_clip11/90518260505.png,98,150
609,Tao_Sitting/Tao_Sitting_clip11/90505931243.png,95,178
610,Tao_Sitting/Tao_Sitting_clip11/90507590494.png,96,178
611,Tao_Sitting/Tao_Sitting_clip11/90507260514.png,96,178
612,Tao_Sitting/Tao_Sitting_clip11/90517931522.png,97,150
613,Tao_Sitting/Tao_Sitting_clip11/90500590553.png,94,178
614,Tao_Sitting/Tao_Sitting_clip11/90531931180.png,192,142
615,Tao_Sitting/Tao_Sitting_clip11/90526931201.png,105,156
616,Tao_Sitting/Tao_Sitting_clip11/90521931265.png,102,150
617,Tao_Sitting/Tao_Sitting_clip11/90518590527.png,98,149
618,Tao_Sitting/Tao_Sitting_clip11/90498260593.png,94,178
619,Tao_Sitting/Tao_Sitting_clip11/90523931236.png,102,156
620,Tao_Sitting/Tao_Sitting_clip11/90527590545.png,111,155
621,Tao_Sitting/Tao_Sitting_clip11/90514931248.png,93,166
622,Tao_Sitting/Tao_Sitting_clip11/90541260393.png,284,198
623,Tao_Sitting/Tao_Sitting_clip11/90500931315.png,94,177
624,Tao_Sitting/Tao_Sitting_clip11/90496590569.png,94,178
625,Tao_Sitting/Tao_Sitting_clip11/90520590508.png,99,149
626,Tao_Sitting/Tao_Sitting_clip11/90538590434.png,284,194
627,Tao_Sitting/Tao_Sitting_clip11/90511931250.png,95,182
628,Tao_Sitting/Tao_Sitting_clip11/90536931120.png,274,183
629,Tao_Sitting/Tao_Sitting_clip11/90540931183.png,284,198
630,Tao_Sitting/Tao_Sitting_clip11/90524260419.png,102,159
631,Tao_Sitting/Tao_Sitting_clip11/90501590523.png,94,177
632,Tao_Sitting/Tao_Sitting_clip11/90515590495.png,93,161
633,Tao_Sitting/Tao_Sitting_clip11/90532590524.png,208,147
634,Tao_Sitting/Tao_Sitting_clip11/90513260512.png,92,179
635,Tao_Sitting/Tao_Sitting_clip11/90500260600.png,94,178
636,Tao_Sitting/Tao_Sitting_clip11/90529590438.png,141,141
637,Tao_Sitting/Tao_Sitting_clip11/90503590512.png,94,177
638,Tao_Sitting/Tao_Sitting_clip11/90537931247.png,281,191
639,Tao_Sitting/Tao_Sitting_clip11/90519590525.png,98,149
640,Tao_Sitting/Tao_Sitting_clip11/90512260502.png,94,182
641,Tao_Sitting/Tao_Sitting_clip11/90528931323.png,130,146
642,Tao_Sitting/Tao_Sitting_clip11/90501260559.png,94,177
643,Tao_Sitting/Tao_Sitting_clip11/90504590549.png,95,177
644,Tao_Sitting/Tao_Sitting_clip11/90535931165.png,264,176
645,Tao_Sitting/Tao_Sitting_clip11/90531590399.png,183,138
646,Tao_Sitting/Tao_Sitting_clip11/90512931229.png,93,180
647,Tao_Sitting/Tao_Sitting_clip11/90514260512.png,93,173
648,Tao_Sitting/Tao_Sitting_clip11/90523260424.png,102,154
649,Tao_Sitting/Tao_Sitting_clip11/90532931262.png,213,149
650,Tao_Sitting/Tao_Sitting_clip11/90540590405.png,284,198
651,Tao_Sitting/Tao_Sitting_clip11/90511260691.png,96,182
652,Tao_Sitting/Tao_Sitting_clip11/90530931225.png,169,138
653,Tao_Sitting/Tao_Sitting_clip11/90525260546.png,100,160
654,Tao_Sitting/Tao_Sitting_clip11/90503931357.png,94,177
655,Tao_Sitting/Tao_Sitting_clip11/90508260490.png,96,179
656,Tao_Sitting/Tao_Sitting_clip11/90502931296.png,94,177
657,Tao_Sitting/Tao_Sitting_clip11/90517260481.png,95,153
658,Tao_Sitting/Tao_Sitting_clip11/90506590644.png,96,178
659,Tao_Sitting/Tao_Sitting_clip11/90519260515.png,98,149
660,Tao_Sitting/Tao_Sitting_clip11/90495931382.png,94,178
661,Tao_Sitting/Tao_Sitting_clip11/90507931299.png,96,178
662,Tao_Sitting/Tao_Sitting_clip11/90510260552.png,96,179
663,Tao_Sitting/Tao_Sitting_clip11/90504931330.png,95,177
664,Tao_Sitting/Tao_Sitting_clip11/90536260441.png,267,178
665,Tao_Sitting/Tao_Sitting_clip11/90499260557.png,94,178
666,Tao_Sitting/Tao_Sitting_clip11/90538260463.png,283,193
667,Tao_Sitting/Tao_Sitting_clip11/90529931185.png,149,141
668,Tao_Sitting/Tao_Sitting_clip11/90516931295.png,95,154
669,Tao_Sitting/Tao_Sitting_clip11/90537260423.png,275,185
670,Tao_Sitting/Tao_Sitting_clip8/90144932743.png,113,149
671,Tao_Sitting/Tao_Sitting_clip8/90139592050.png,94,176
672,Tao_Sitting/Tao_Sitting_clip8/90146262041.png,131,141
673,Tao_Sitting/Tao_Sitting_clip8/90150262016.png,151,152
674,Tao_Sitting/Tao_Sitting_clip8/90151932735.png,152,153
675,Tao_Sitting/Tao_Sitting_clip8/90138932802.png,94,177
676,Tao_Sitting/Tao_Sitting_clip8/90149932782.png,152,151
677,Tao_Sitting/Tao_Sitting_clip8/90146592060.png,135,140
678,Tao_Sitting/Tao_Sitting_clip8/90145591978.png,120,145
679,Tao_Sitting/Tao_Sitting_clip8/90138592179.png,94,176
680,Tao_Sitting/Tao_Sitting_clip8/90146922698.png,140,139
681,Tao_Sitting/Tao_Sitting_clip8/90142932829.png,95,169
682,Tao_Sitting/Tao_Sitting_clip8/90151261999.png,153,153
683,Tao_Sitting/Tao_Sitting_clip8/90140262040.png,94,177
684,Tao_Sitting/Tao_Sitting_clip8/90137922704.png,94,176
685,Tao_Sitting/Tao_Sitting_clip8/90136932825.png,94,177
686,Tao_Sitting/Tao_Sitting_clip8/90150932752.png,152,153
687,Tao_Sitting/Tao_Sitting_clip8/90147592063.png,146,141
688,Tao_Sitting/Tao_Sitting_clip8/90148262000.png,151,147
689,Tao_Sitting/Tao_Sitting_clip8/90136262050.png,94,177
690,Tao_Sitting/Tao_Sitting_clip8/90141262047.png,94,177
691,Tao_Sitting/Tao_Sitting_clip8/90141592105.png,94,176
692,Tao_Sitting/Tao_Sitting_clip8/90143922780.png,101,161
693,Tao_Sitting/Tao_Sitting_clip8/90150592044.png,152,152
694,Tao_Sitting/Tao_Sitting_clip8/90147932856.png,148,144
695,Tao_Sitting/Tao_Sitting_clip8/90139262000.png,94,177
696,Tao_Sitting/Tao_Sitting_clip8/90149261952.png,154,150
697,Tao_Sitting/Tao_Sitting_clip8/90137262210.png,94,177
698,Tao_Sitting/Tao_Sitting_clip8/90142262090.png,94,174
699,Tao_Sitting/Tao_Sitting_clip8/90144262097.png,21,175
700,Tao_Sitting/Tao_Sitting_clip8/90152262017.png,151,153
701,Tao_Sitting/Tao_Sitting_clip8/90139932954.png,94,176
702,Tao_Sitting/Tao_Sitting_clip8/90148932818.png,152,149
703,Tao_Sitting/Tao_Sitting_clip8/90152932754.png,152,154
704,Tao_Sitting/Tao_Sitting_clip8/90145932770.png,22,174
705,Tao_Sitting/Tao_Sitting_clip8/90145262031.png,118,148
706,Tao_Sitting/Tao_Sitting_clip8/90147262066.png,146,140
707,Tao_Sitting/Tao_Sitting_clip8/90136592057.png,94,177
708,Tao_Sitting/Tao_Sitting_clip8/90148592013.png,151,148
709,Tao_Sitting/Tao_Sitting_clip8/90151592039.png,152,153
710,Tao_Sitting/Tao_Sitting_clip8/90142592006.png,94,174
711,Tao_Sitting/Tao_Sitting_clip8/90140922694.png,94,177
712,Tao_Sitting/Tao_Sitting_clip8/90141932744.png,94,175
713,Tao_Sitting/Tao_Sitting_clip8/90143592070.png,99,164
714,Tao_Sitting/Tao_Sitting_clip8/90144592028.png,110,153
715,Tao_Sitting/Tao_Sitting_clip8/90138262178.png,94,176
716,Tao_Sitting/Tao_Sitting_clip8/90143262051.png,97,165
717,Tao_Sitting/Tao_Sitting_clip8/90153262175.png,152,153
718,Tao_Sitting/Tao_Sitting_clip8/90137592045.png,94,177
719,Tao_Sitting/Tao_Sitting_clip8/90140592056.png,94,177
720,Tao_Sitting/Tao_Sitting_clip8/90152591982.png,152,153
721,Tao_Sitting/Tao_Sitting_clip8/90149592007.png,152,151
722,Tao_Sitting/Tao_Sitting_clip6/89921923652.png,180,130
723,Tao_Sitting/Tao_Sitting_clip6/89895923738.png,93,177
724,Tao_Sitting/Tao_Sitting_clip6/89896923724.png,93,177
725,Tao_Sitting/Tao_Sitting_clip6/89933592985.png,313,138
726,Tao_Sitting/Tao_Sitting_clip6/89904933772.png,95,176
727,Tao_Sitting/Tao_Sitting_clip6/89919923650.png,155,134
728,Tao_Sitting/Tao_Sitting_clip6/89915923591.png,119,145
729,Tao_Sitting/Tao_Sitting_clip6/89905593067.png,94,176
730,Tao_Sitting/Tao_Sitting_clip6/89896593080.png,93,177
731,Tao_Sitting/Tao_Sitting_clip6/89923923610.png,204,126
732,Tao_Sitting/Tao_Sitting_clip6/89932923637.png,305,132
733,Tao_Sitting/Tao_Sitting_clip6/89910593004.png,98,159
734,Tao_Sitting/Tao_Sitting_clip6/89925592938.png,220,130
735,Tao_Sitting/Tao_Sitting_clip6/89914592982.png,118,145
736,Tao_Sitting/Tao_Sitting_clip6/89921593041.png,175,131
737,Tao_Sitting/Tao_Sitting_clip6/89898263080.png,93,176
738,Tao_Sitting/Tao_Sitting_clip6/89923262936.png,194,126
739,Tao_Sitting/Tao_Sitting_clip6/89899263036.png,93,176
740,Tao_Sitting/Tao_Sitting_clip6/89915263003.png,118,145
741,Tao_Sitting/Tao_Sitting_clip6/89919592982.png,152,135
742,Tao_Sitting/Tao_Sitting_clip6/89934262903.png,322,146
743,Tao_Sitting/Tao_Sitting_clip6/89902263023.png,94,176
744,Tao_Sitting/Tao_Sitting_clip6/89905263094.png,94,176
745,Tao_Sitting/Tao_Sitting_clip6/89926592923.png,227,125
746,Tao_Sitting/Tao_Sitting_clip6/89909923798.png,97,162
747,Tao_Sitting/Tao_Sitting_clip6/89917262944.png,128,148
748,Tao_Sitting/Tao_Sitting_clip6/89928592915.png,249,121
749,Tao_Sitting/Tao_Sitting_clip6/89940262879.png,334,176
750,Tao_Sitting/Tao_Sitting_clip6/89896262998.png,93,177
751,Tao_Sitting/Tao_Sitting_clip6/89918263011.png,139,145
752,Tao_Sitting/Tao_Sitting_clip6/89922262992.png,186,131
753,Tao_Sitting/Tao_Sitting_clip6/89903263053.png,95,176
754,Tao_Sitting/Tao_Sitting_clip6/89906923679.png,93,175
755,Tao_Sitting/Tao_Sitting_clip6/89930592962.png,274,118
756,Tao_Sitting/Tao_Sitting_clip6/89930262955.png,270,118
757,Tao_Sitting/Tao_Sitting_clip6/89912923637.png,109,145
758,Tao_Sitting/Tao_Sitting_clip6/89926262965.png,223,126
759,Tao_Sitting/Tao_Sitting_clip6/89916923673.png,123,149
760,Tao_Sitting/Tao_Sitting_clip6/89913923641.png,115,144
761,Tao_Sitting/Tao_Sitting_clip6/89906263007.png,93,176
762,Tao_Sitting/Tao_Sitting_clip6/89914263000.png,117,145
763,Tao_Sitting/Tao_Sitting_clip6/89909262991.png,96,168
764,Tao_Sitting/Tao_Sitting_clip6/89935592923.png,329,160
765,Tao_Sitting/Tao_Sitting_clip6/89908263026.png,93,176
766,Tao_Sitting/Tao_Sitting_clip6/89934933697.png,324,150
767,Tao_Sitting/Tao_Sitting_clip6/89913263099.png,110,145
768,Tao_Sitting/Tao_Sitting_clip6/89903593217.png,96,176
769,Tao_Sitting/Tao_Sitting_clip6/89929923560.png,265,118
770,Tao_Sitting/Tao_Sitting_clip6/89931262946.png,281,119
771,Tao_Sitting/Tao_Sitting_clip6/89918593121.png,140,145
772,Tao_Sitting/Tao_Sitting_clip6/89913593045.png,111,144
773,Tao_Sitting/Tao_Sitting_clip6/89901923645.png,95,176
774,Tao_Sitting/Tao_Sitting_clip6/89938933621.png,333,174
775,Tao_Sitting/Tao_Sitting_clip6/89914923587.png,118,145
776,Tao_Sitting/Tao_Sitting_clip6/89924263009.png,208,127
777,Tao_Sitting/Tao_Sitting_clip6/89925262943.png,217,131
778,Tao_Sitting/Tao_Sitting_clip6/89916262986.png,120,146
779,Tao_Sitting/Tao_Sitting_clip6/89911933761.png,103,150
780,Tao_Sitting/Tao_Sitting_clip6/89941592872.png,334,177
781,Tao_Sitting/Tao_Sitting_clip6/89904263042.png,96,176
782,Tao_Sitting/Tao_Sitting_clip6/89899923714.png,93,175
783,Tao_Sitting/Tao_Sitting_clip6/89900933815.png,94,175
784,Tao_Sitting/Tao_Sitting_clip6/89897592990.png,94,176
785,Tao_Sitting/Tao_Sitting_clip6/89939593133.png,334,175
786,Tao_Sitting/Tao_Sitting_clip6/89922923601.png,191,127
787,Tao_Sitting/Tao_Sitting_clip6/89931933731.png,292,124
788,Tao_Sitting/Tao_Sitting_clip6/89927262884.png,232,126
789,Tao_Sitting/Tao_Sitting_clip6/89930923569.png,278,119
790,Tao_Sitting/Tao_Sitting_clip6/89910923654.png,98,154
791,Tao_Sitting/Tao_Sitting_clip6/89924592892.png,210,127
792,Tao_Sitting/Tao_Sitting_clip6/89927933834.png,240,123
793,Tao_Sitting/Tao_Sitting_clip6/89898593220.png,93,176
794,Tao_Sitting/Tao_Sitting_clip6/89912263026.png,105,147
795,Tao_Sitting/Tao_Sitting_clip6/89908923783.png,94,174
796,Tao_Sitting/Tao_Sitting_clip6/89897923658.png,94,176
797,Tao_Sitting/Tao_Sitting_clip6/89931592950.png,287,120
798,Tao_Sitting/Tao_Sitting_clip6/89917593008.png,68,146
799,Tao_Sitting/Tao_Sitting_clip6/89908593030.png,93,175
800,Tao_Sitting/Tao_Sitting_clip6/89910262973.png,97,159
801,Tao_Sitting/Tao_Sitting_clip6/89921262895.png,172,131
802,Tao_Sitting/Tao_Sitting_clip6/89935262922.png,325,153
803,Tao_Sitting/Tao_Sitting_clip6/89936592896.png,332,165
804,Tao_Sitting/Tao_Sitting_clip6/89936262916.png,329,163
805,Tao_Sitting/Tao_Sitting_clip6/89923592942.png,198,127
806,Tao_Sitting/Tao_Sitting_clip6/89918933699.png,143,140
807,Tao_Sitting/Tao_Sitting_clip6/89916592984.png,122,148
808,Tao_Sitting/Tao_Sitting_clip6/89905923618.png,94,176
809,Tao_Sitting/Tao_Sitting_clip6/89937923537.png,332,170
810,Tao_Sitting/Tao_Sitting_clip6/89917933801.png,71,145
811,Tao_Sitting/Tao_Sitting_clip6/89915592998.png,118,145
812,Tao_Sitting/Tao_Sitting_clip6/89938592873.png,333,174
813,Tao_Sitting/Tao_Sitting_clip6/89938262930.png,332,170
814,Tao_Sitting/Tao_Sitting_clip6/89906593017.png,93,175
815,Tao_Sitting/Tao_Sitting_clip6/89902923682.png,95,176
816,Tao_Sitting/Tao_Sitting_clip6/89932592948.png,300,127
817,Tao_Sitting/Tao_Sitting_clip6/89899593079.png,93,176
818,Tao_Sitting/Tao_Sitting_clip6/89925933640.png,222,131
819,Tao_Sitting/Tao_Sitting_clip6/89936923543.png,331,167
820,Tao_Sitting/Tao_Sitting_clip6/89907262968.png,93,175
821,Tao_Sitting/Tao_Sitting_clip6/89901263046.png,94,175
822,Tao_Sitting/Tao_Sitting_clip6/89935923563.png,329,161
823,Tao_Sitting/Tao_Sitting_clip6/89920262985.png,158,133
824,Tao_Sitting/Tao_Sitting_clip6/89900263030.png,93,175
825,Tao_Sitting/Tao_Sitting_clip6/89940923536.png,334,177
826,Tao_Sitting/Tao_Sitting_clip6/89924923551.png,213,127
827,Tao_Sitting/Tao_Sitting_clip6/89912593014.png,107,146
828,Tao_Sitting/Tao_Sitting_clip6/89941262898.png,334,177
829,Tao_Sitting/Tao_Sitting_clip6/89922593026.png,188,127
830,Tao_Sitting/Tao_Sitting_clip6/89937592894.png,331,169
831,Tao_Sitting/Tao_Sitting_clip6/89926923603.png,230,127
832,Tao_Sitting/Tao_Sitting_clip6/89929263099.png,256,119
833,Tao_Sitting/Tao_Sitting_clip6/89919262969.png,87,141
834,Tao_Sitting/Tao_Sitting_clip6/89911592947.png,101,152
835,Tao_Sitting/Tao_Sitting_clip6/89927592972.png,236,126
836,Tao_Sitting/Tao_Sitting_clip6/89937262929.png,331,168
837,Tao_Sitting/Tao_Sitting_clip6/89928923623.png,252,120
838,Tao_Sitting/Tao_Sitting_clip6/89940592880.png,334,176
839,Tao_Sitting/Tao_Sitting_clip6/89939262897.png,333,174
840,Tao_Sitting/Tao_Sitting_clip6/89898923686.png,93,176
841,Tao_Sitting/Tao_Sitting_clip6/89903923725.png,96,176
842,Tao_Sitting/Tao_Sitting_clip6/89933263047.png,311,136
843,Tao_Sitting/Tao_Sitting_clip6/89902593035.png,95,175
844,Tao_Sitting/Tao_Sitting_clip6/89907923628.png,93,176
845,Tao_Sitting/Tao_Sitting_clip6/89907593002.png,93,175
846,Tao_Sitting/Tao_Sitting_clip6/89932262896.png,296,126
847,Tao_Sitting/Tao_Sitting_clip6/89904593022.png,95,176
848,Tao_Sitting/Tao_Sitting_clip6/89934592859.png,323,147
849,Tao_Sitting/Tao_Sitting_clip6/89900592998.png,94,175
850,Tao_Sitting/Tao_Sitting_clip6/89928263017.png,245,121
851,Tao_Sitting/Tao_Sitting_clip6/89901593038.png,94,175
852,Tao_Sitting/Tao_Sitting_clip6/89920923603.png,168,132
853,Tao_Sitting/Tao_Sitting_clip6/89909593034.png,96,166
854,Tao_Sitting/Tao_Sitting_clip6/89911262989.png,100,152
855,Tao_Sitting/Tao_Sitting_clip6/89929592994.png,261,119
856,Tao_Sitting/Tao_Sitting_clip6/89897263032.png,93,177
857,Tao_Sitting/Tao_Sitting_clip6/89939923575.png,334,175
858,Tao_Sitting/Tao_Sitting_clip6/89920592898.png,165,134
859,Tao_Sitting/Tao_Sitting_clip6/89933923710.png,317,141
860,Tao_Sitting/Tao_Sitting_clip1/89331265383.png,155,164
861,Tao_Sitting/Tao_Sitting_clip1/89330926027.png,149,168
862,Tao_Sitting/Tao_Sitting_clip1/89343265562.png,353,198
863,Tao_Sitting/Tao_Sitting_clip1/89298595514.png,93,173
864,Tao_Sitting/Tao_Sitting_clip1/89328926053.png,105,184
865,Tao_Sitting/Tao_Sitting_clip1/89319595443.png,81,161
866,Tao_Sitting/Tao_Sitting_clip1/89327265504.png,95,182
867,Tao_Sitting/Tao_Sitting_clip1/89318926128.png,82,159
868,Tao_Sitting/Tao_Sitting_clip1/89303265495.png,93,166
869,Tao_Sitting/Tao_Sitting_clip1/89316926057.png,82,154
870,Tao_Sitting/Tao_Sitting_clip1/89322926037.png,83,166
871,Tao_Sitting/Tao_Sitting_clip1/89303595517.png,93,166
872,Tao_Sitting/Tao_Sitting_clip1/89311926145.png,92,169
873,Tao_Sitting/Tao_Sitting_clip1/89311595504.png,93,169
874,Tao_Sitting/Tao_Sitting_clip1/89327595444.png,96,183
875,Tao_Sitting/Tao_Sitting_clip1/89308595466.png,93,173
876,Tao_Sitting/Tao_Sitting_clip1/89340265352.png,341,187
877,Tao_Sitting/Tao_Sitting_clip1/89296265700.png,93,173
878,Tao_Sitting/Tao_Sitting_clip1/89305265485.png,92,174
879,Tao_Sitting/Tao_Sitting_clip1/89339925999.png,338,184
880,Tao_Sitting/Tao_Sitting_clip1/89314265475.png,89,155
881,Tao_Sitting/Tao_Sitting_clip1/89340595407.png,344,189
882,Tao_Sitting/Tao_Sitting_clip1/89301595592.png,92,174
883,Tao_Sitting/Tao_Sitting_clip1/89295926232.png,93,173
884,Tao_Sitting/Tao_Sitting_clip1/89323926092.png,84,167
885,Tao_Sitting/Tao_Sitting_clip1/89332595378.png,194,151
886,Tao_Sitting/Tao_Sitting_clip1/89331926057.png,175,156
887,Tao_Sitting/Tao_Sitting_clip1/89306595468.png,92,173
888,Tao_Sitting/Tao_Sitting_clip1/89321926205.png,80,167
889,Tao_Sitting/Tao_Sitting_clip1/89337595363.png,312,160
890,Tao_Sitting/Tao_Sitting_clip1/89299265547.png,93,174
891,Tao_Sitting/Tao_Sitting_clip1/89338595321.png,327,173
892,Tao_Sitting/Tao_Sitting_clip1/89305595476.png,92,174
893,Tao_Sitting/Tao_Sitting_clip1/89328265435.png,99,184
894,Tao_Sitting/Tao_Sitting_clip1/89296926166.png,93,173
895,Tao_Sitting/Tao_Sitting_clip1/89318595430.png,83,156
896,Tao_Sitting/Tao_Sitting_clip1/89314926102.png,88,153
897,Tao_Sitting/Tao_Sitting_clip1/89310595498.png,93,169
898,Tao_Sitting/Tao_Sitting_clip1/89301265503.png,92,174
899,Tao_Sitting/Tao_Sitting_clip1/89313926204.png,88,158
900,Tao_Sitting/Tao_Sitting_clip1/89319926262.png,80,163
901,Tao_Sitting/Tao_Sitting_clip1/89305926087.png,92,174
902,Tao_Sitting/Tao_Sitting_clip1/89310265479.png,93,169
903,Tao_Sitting/Tao_Sitting_clip1/89302595529.png,93,166
904,Tao_Sitting/Tao_Sitting_clip1/89312926058.png,91,163
905,Tao_Sitting/Tao_Sitting_clip1/89307595493.png,92,174
906,Tao_Sitting/Tao_Sitting_clip1/89308926125.png,94,173
907,Tao_Sitting/Tao_Sitting_clip1/89321595435.png,80,167
908,Tao_Sitting/Tao_Sitting_clip1/89335926048.png,277,148
909,Tao_Sitting/Tao_Sitting_clip1/89345265276.png,353,199
910,Tao_Sitting/Tao_Sitting_clip1/89300595555.png,92,174
911,Tao_Sitting/Tao_Sitting_clip1/89339265339.png,333,178
912,Tao_Sitting/Tao_Sitting_clip1/89316265455.png,84,154
913,Tao_Sitting/Tao_Sitting_clip1/89335265361.png,263,144
914,Tao_Sitting/Tao_Sitting_clip1/89335595356.png,272,146
915,Tao_Sitting/Tao_Sitting_clip1/89317265552.png,82,154
916,Tao_Sitting/Tao_Sitting_clip1/89298926246.png,93,173
917,Tao_Sitting/Tao_Sitting_clip1/89313595496.png,88,159
918,Tao_Sitting/Tao_Sitting_clip1/89299595512.png,92,174
919,Tao_Sitting/Tao_Sitting_clip1/89338265411.png,322,170
920,Tao_Sitting/Tao_Sitting_clip1/89342265377.png,352,196
921,Tao_Sitting/Tao_Sitting_clip1/89337926025.png,316,164
922,Tao_Sitting/Tao_Sitting_clip1/89297926239.png,93,173
923,Tao_Sitting/Tao_Sitting_clip1/89304265535.png,93,173
924,Tao_Sitting/Tao_Sitting_clip1/89323265447.png,83,166
925,Tao_Sitting/Tao_Sitting_clip1/89297595526.png,93,173
926,Tao_Sitting/Tao_Sitting_clip1/89313265529.png,89,161
927,Tao_Sitting/Tao_Sitting_clip1/89342595357.png,352,197
928,Tao_Sitting/Tao_Sitting_clip1/89317926085.png,82,155
929,Tao_Sitting/Tao_Sitting_clip1/89329926080.png,125,179
930,Tao_Sitting/Tao_Sitting_clip1/89322265425.png,81,167
931,Tao_Sitting/Tao_Sitting_clip1/89304595503.png,93,173
932,Tao_Sitting/Tao_Sitting_clip1/89309265457.png,94,173
933,Tao_Sitting/Tao_Sitting_clip1/89297265510.png,93,173
934,Tao_Sitting/Tao_Sitting_clip1/89341265340.png,349,192
935,Tao_Sitting/Tao_Sitting_clip1/89301926154.png,93,174
936,Tao_Sitting/Tao_Sitting_clip1/89344595349.png,353,198
937,Tao_Sitting/Tao_Sitting_clip1/89318265535.png,83,155
938,Tao_Sitting/Tao_Sitting_clip1/89302265516.png,92,174
939,Tao_Sitting/Tao_Sitting_clip1/89311265413.png,93,169
940,Tao_Sitting/Tao_Sitting_clip1/89329595340.png,120,179
941,Tao_Sitting/Tao_Sitting_clip1/89340926003.png,347,190
942,Tao_Sitting/Tao_Sitting_clip1/89300265554.png,92,174
943,Tao_Sitting/Tao_Sitting_clip1/89326926033.png,95,181
944,Tao_Sitting/Tao_Sitting_clip1/89306926133.png,92,173
945,Tao_Sitting/Tao_Sitting_clip1/89324595397.png,85,168
946,Tao_Sitting/Tao_Sitting_clip1/89316595453.png,82,153
947,Tao_Sitting/Tao_Sitting_clip1/89327926043.png,97,184
948,Tao_Sitting/Tao_Sitting_clip1/89315595513.png,86,153
949,Tao_Sitting/Tao_Sitting_clip1/89309926162.png,94,173
950,Tao_Sitting/Tao_Sitting_clip1/89307265480.png,92,173
951,Tao_Sitting/Tao_Sitting_clip1/89344265345.png,353,198
952,Tao_Sitting/Tao_Sitting_clip1/89296595558.png,93,174
953,Tao_Sitting/Tao_Sitting_clip1/89324265402.png,84,167
954,Tao_Sitting/Tao_Sitting_clip1/89310926214.png,93,169
955,Tao_Sitting/Tao_Sitting_clip1/89336595432.png,293,151
956,Tao_Sitting/Tao_Sitting_clip1/89333265378.png,209,149
957,Tao_Sitting/Tao_Sitting_clip1/89326265440.png,93,177
958,Tao_Sitting/Tao_Sitting_clip1/89333595366.png,217,148
959,Tao_Sitting/Tao_Sitting_clip1/89328595433.png,102,183
960,Tao_Sitting/Tao_Sitting_clip1/89302926103.png,93,174
961,Tao_Sitting/Tao_Sitting_clip1/89343595366.png,353,198
962,Tao_Sitting/Tao_Sitting_clip1/89317595441.png,82,154
963,Tao_Sitting/Tao_Sitting_clip1/89307926130.png,92,174
964,Tao_Sitting/Tao_Sitting_clip1/89334595563.png,245,146
965,Tao_Sitting/Tao_Sitting_clip1/89314595461.png,88,154
966,Tao_Sitting/Tao_Sitting_clip1/89344926144.png,353,199
967,Tao_Sitting/Tao_Sitting_clip1/89332925983.png,201,150
968,Tao_Sitting/Tao_Sitting_clip1/89336926000.png,298,154
969,Tao_Sitting/Tao_Sitting_clip1/89330595452.png,140,171
970,Tao_Sitting/Tao_Sitting_clip1/89334926080.png,255,145
971,Tao_Sitting/Tao_Sitting_clip1/89309595427.png,94,173
972,Tao_Sitting/Tao_Sitting_clip1/89343925950.png,353,198
973,Tao_Sitting/Tao_Sitting_clip1/89308265498.png,93,174
974,Tao_Sitting/Tao_Sitting_clip1/89319265481.png,81,160
975,Tao_Sitting/Tao_Sitting_clip1/89306265693.png,92,174
976,Tao_Sitting/Tao_Sitting_clip1/89312595459.png,91,165
977,Tao_Sitting/Tao_Sitting_clip1/89298265529.png,93,173
978,Tao_Sitting/Tao_Sitting_clip1/89341595468.png,350,194
979,Tao_Sitting/Tao_Sitting_clip1/89320926069.png,80,166
980,Tao_Sitting/Tao_Sitting_clip1/89342925931.png,353,198
981,Tao_Sitting/Tao_Sitting_clip1/89320595428.png,80,165
982,Tao_Sitting/Tao_Sitting_clip1/89341926015.png,351,194
983,Tao_Sitting/Tao_Sitting_clip1/89334265378.png,236,146
984,Tao_Sitting/Tao_Sitting_clip1/89312265453.png,92,168
985,Tao_Sitting/Tao_Sitting_clip1/89323595409.png,83,166
986,Tao_Sitting/Tao_Sitting_clip1/89330265472.png,134,176
987,Tao_Sitting/Tao_Sitting_clip1/89332265380.png,187,154
988,Tao_Sitting/Tao_Sitting_clip1/89321265509.png,80,167
989,Tao_Sitting/Tao_Sitting_clip1/89325595368.png,90,173
990,Tao_Sitting/Tao_Sitting_clip1/89339595412.png,335,181
991,Tao_Sitting/Tao_Sitting_clip1/89324926014.png,88,169
992,Tao_Sitting/Tao_Sitting_clip1/89338926031.png,330,176
993,Tao_Sitting/Tao_Sitting_clip1/89331595392.png,164,159
994,Tao_Sitting/Tao_Sitting_clip1/89315265397.png,87,153
995,Tao_Sitting/Tao_Sitting_clip1/89300926184.png,92,174
996,Tao_Sitting/Tao_Sitting_clip1/89325926102.png,92,174
997,Tao_Sitting/Tao_Sitting_clip1/89326595371.png,94,179
998,Tao_Sitting/Tao_Sitting_clip1/89336265470.png,286,149
999,Tao_Sitting/Tao_Sitting_clip1/89320265427.png,80,164
1000,Tao_Sitting/Tao_Sitting_clip1/89315926087.png,85,153
1001,Tao_Sitting/Tao_Sitting_clip1/89304926277.png,92,174
1002,Tao_Sitting/Tao_Sitting_clip1/89337265377.png,306,158
1003,Tao_Sitting/Tao_Sitting_clip1/89299926304.png,92,174
1004,Tao_Sitting/Tao_Sitting_clip1/89325265403.png,89,169
1005,Tao_Sitting/Tao_Sitting_clip1/89303926164.png,93,174
1006,Tao_Sitting/Tao_Sitting_clip1/89333926022.png,229,147
1007,Tao_Sitting/Tao_Sitting_clip1/89329265339.png,110,183
1008,Tao_Sitting/Tao_Sitting_clip1/89322595487.png,81,167
1009,Tao_Sitting/Tao_Sitting_clip0/89187595991.png,92,173
1010,Tao_Sitting/Tao_Sitting_clip0/89197926562.png,127,144
1011,Tao_Sitting/Tao_Sitting_clip0/89210926567.png,290,139
1012,Tao_Sitting/Tao_Sitting_clip0/89206265998.png,237,116
1013,Tao_Sitting/Tao_Sitting_clip0/89215265877.png,303,161
1014,Tao_Sitting/Tao_Sitting_clip0/89184265979.png,94,174
1015,Tao_Sitting/Tao_Sitting_clip0/89193926650.png,108,142
1016,Tao_Sitting/Tao_Sitting_clip0/89180266004.png,90,173
1017,Tao_Sitting/Tao_Sitting_clip0/89184595998.png,94,174
1018,Tao_Sitting/Tao_Sitting_clip0/89208265951.png,259,118
1019,Tao_Sitting/Tao_Sitting_clip0/89195595981.png,38,148
1020,Tao_Sitting/Tao_Sitting_clip0/89212926692.png,301,155
1021,Tao_Sitting/Tao_Sitting_clip0/89176926679.png,89,174
1022,Tao_Sitting/Tao_Sitting_clip0/89206596057.png,240,116
1023,Tao_Sitting/Tao_Sitting_clip0/89194595935.png,110,144
1024,Tao_Sitting/Tao_Sitting_clip0/89205595999.png,230,117
1025,Tao_Sitting/Tao_Sitting_clip0/89198265963.png,130,140
1026,Tao_Sitting/Tao_Sitting_clip0/89178596049.png,89,173
1027,Tao_Sitting/Tao_Sitting_clip0/89191926598.png,100,147
1028,Tao_Sitting/Tao_Sitting_clip0/89190266043.png,97,160
1029,Tao_Sitting/Tao_Sitting_clip0/89196266068.png,117,144
1030,Tao_Sitting/Tao_Sitting_clip0/89202926610.png,195,123
1031,Tao_Sitting/Tao_Sitting_clip0/89199926618.png,150,134
1032,Tao_Sitting/Tao_Sitting_clip0/89188926617.png,91,174
1033,Tao_Sitting/Tao_Sitting_clip0/89186596026.png,94,173
1034,Tao_Sitting/Tao_Sitting_clip0/89209926563.png,280,132
1035,Tao_Sitting/Tao_Sitting_clip0/89193595955.png,108,142
1036,Tao_Sitting/Tao_Sitting_clip0/89189595989.png,94,168
1037,Tao_Sitting/Tao_Sitting_clip0/89200596068.png,161,132
1038,Tao_Sitting/Tao_Sitting_clip0/89177266011.png,89,174
1039,Tao_Sitting/Tao_Sitting_clip0/89183266021.png,94,174
1040,Tao_Sitting/Tao_Sitting_clip0/89207926580.png,255,118
1041,Tao_Sitting/Tao_Sitting_clip0/89214595868.png,304,161
1042,Tao_Sitting/Tao_Sitting_clip0/89182596006.png,94,174
1043,Tao_Sitting/Tao_Sitting_clip0/89198926596.png,136,137
1044,Tao_Sitting/Tao_Sitting_clip0/89202595988.png,189,123
1045,Tao_Sitting/Tao_Sitting_clip0/89203266033.png,203,122
1046,Tao_Sitting/Tao_Sitting_clip0/89176596023.png,89,174
1047,Tao_Sitting/Tao_Sitting_clip0/89204926539.png,222,117
1048,Tao_Sitting/Tao_Sitting_clip0/89188595964.png,91,174
1049,Tao_Sitting/Tao_Sitting_clip0/89192595945.png,102,145
1050,Tao_Sitting/Tao_Sitting_clip0/89187265939.png,93,173
1051,Tao_Sitting/Tao_Sitting_clip0/89185926667.png,93,174
1052,Tao_Sitting/Tao_Sitting_clip0/89215926534.png,303,161
1053,Tao_Sitting/Tao_Sitting_clip0/89209265946.png,271,124
1054,Tao_Sitting/Tao_Sitting_clip0/89208596016.png,264,119
1055,Tao_Sitting/Tao_Sitting_clip0/89196596038.png,118,145
1056,Tao_Sitting/Tao_Sitting_clip0/89197265954.png,121,145
1057,Tao_Sitting/Tao_Sitting_clip0/89187926635.png,91,173
1058,Tao_Sitting/Tao_Sitting_clip0/89200926630.png,167,131
1059,Tao_Sitting/Tao_Sitting_clip0/89183595967.png,94,174
1060,Tao_Sitting/Tao_Sitting_clip0/89205926561.png,233,117
1061,Tao_Sitting/Tao_Sitting_clip0/89213595943.png,303,160
1062,Tao_Sitting/Tao_Sitting_clip0/89204596339.png,218,118
1063,Tao_Sitting/Tao_Sitting_clip0/89178266024.png,89,174
1064,Tao_Sitting/Tao_Sitting_clip0/89203926605.png,210,120
1065,Tao_Sitting/Tao_Sitting_clip0/89195926633.png,116,144
1066,Tao_Sitting/Tao_Sitting_clip0/89194926732.png,111,144
1067,Tao_Sitting/Tao_Sitting_clip0/89186265974.png,94,174
1068,Tao_Sitting/Tao_Sitting_clip0/89180596068.png,91,174
1069,Tao_Sitting/Tao_Sitting_clip0/89211926562.png,299,150
1070,Tao_Sitting/Tao_Sitting_clip0/89181596023.png,93,173
1071,Tao_Sitting/Tao_Sitting_clip0/89211265908.png,294,145
1072,Tao_Sitting/Tao_Sitting_clip0/89191266086.png,98,151
1073,Tao_Sitting/Tao_Sitting_clip0/89204265994.png,215,119
1074,Tao_Sitting/Tao_Sitting_clip0/89205265934.png,226,117
1075,Tao_Sitting/Tao_Sitting_clip0/89194265943.png,109,142
1076,Tao_Sitting/Tao_Sitting_clip0/89189926745.png,96,165
1077,Tao_Sitting/Tao_Sitting_clip0/89179265970.png,89,173
1078,Tao_Sitting/Tao_Sitting_clip0/89209595953.png,274,126
1079,Tao_Sitting/Tao_Sitting_clip0/89193265918.png,106,144
1080,Tao_Sitting/Tao_Sitting_clip0/89206926607.png,243,116
1081,Tao_Sitting/Tao_Sitting_clip0/89201595948.png,176,129
1082,Tao_Sitting/Tao_Sitting_clip0/89183926668.png,94,174
1083,Tao_Sitting/Tao_Sitting_clip0/89184926618.png,94,174
1084,Tao_Sitting/Tao_Sitting_clip0/89202265963.png,187,124
1085,Tao_Sitting/Tao_Sitting_clip0/89191595951.png,99,149
1086,Tao_Sitting/Tao_Sitting_clip0/89188265975.png,92,173
1087,Tao_Sitting/Tao_Sitting_clip0/89185265989.png,93,174
1088,Tao_Sitting/Tao_Sitting_clip0/89199265952.png,140,136
1089,Tao_Sitting/Tao_Sitting_clip0/89201265953.png,172,130
1090,Tao_Sitting/Tao_Sitting_clip0/89182266002.png,94,173
1091,Tao_Sitting/Tao_Sitting_clip0/89199595971.png,144,137
1092,Tao_Sitting/Tao_Sitting_clip0/89214265879.png,304,161
1093,Tao_Sitting/Tao_Sitting_clip0/89190926769.png,98,153
1094,Tao_Sitting/Tao_Sitting_clip0/89208926542.png,267,121
1095,Tao_Sitting/Tao_Sitting_clip0/89200265886.png,154,132
1096,Tao_Sitting/Tao_Sitting_clip0/89179596086.png,89,173
1097,Tao_Sitting/Tao_Sitting_clip0/89177926674.png,89,174
1098,Tao_Sitting/Tao_Sitting_clip0/89213265994.png,303,159
1099,Tao_Sitting/Tao_Sitting_clip0/89212595903.png,301,154
1100,Tao_Sitting/Tao_Sitting_clip0/89210595968.png,287,136
1101,Tao_Sitting/Tao_Sitting_clip0/89185595981.png,93,174
1102,Tao_Sitting/Tao_Sitting_clip0/89192265954.png,101,145
1103,Tao_Sitting/Tao_Sitting_clip0/89186926661.png,93,173
1104,Tao_Sitting/Tao_Sitting_clip0/89190596144.png,98,156
1105,Tao_Sitting/Tao_Sitting_clip0/89214926476.png,303,161
1106,Tao_Sitting/Tao_Sitting_clip0/89201926616.png,178,125
1107,Tao_Sitting/Tao_Sitting_clip0/89192926607.png,105,144
1108,Tao_Sitting/Tao_Sitting_clip0/89216265863.png,304,161
1109,Tao_Sitting/Tao_Sitting_clip0/89207265893.png,247,117
1110,Tao_Sitting/Tao_Sitting_clip0/89179926817.png,90,173
1111,Tao_Sitting/Tao_Sitting_clip0/89195265940.png,113,144
1112,Tao_Sitting/Tao_Sitting_clip0/89189265964.png,92,173
1113,Tao_Sitting/Tao_Sitting_clip0/89216595881.png,304,161
1114,Tao_Sitting/Tao_Sitting_clip0/89180926763.png,91,173
1115,Tao_Sitting/Tao_Sitting_clip0/89182926683.png,94,174
1116,Tao_Sitting/Tao_Sitting_clip0/89210265898.png,283,133
1117,Tao_Sitting/Tao_Sitting_clip0/89212265993.png,301,152
1118,Tao_Sitting/Tao_Sitting_clip0/89203595940.png,207,122
1119,Tao_Sitting/Tao_Sitting_clip0/89176266050.png,89,174
1120,Tao_Sitting/Tao_Sitting_clip0/89181926658.png,93,173
1121,Tao_Sitting/Tao_Sitting_clip0/89197595930.png,123,145
1122,Tao_Sitting/Tao_Sitting_clip0/89215595866.png,304,161
1123,Tao_Sitting/Tao_Sitting_clip0/89181266068.png,92,173
1124,Tao_Sitting/Tao_Sitting_clip0/89213926614.png,304,160
1125,Tao_Sitting/Tao_Sitting_clip0/89207596166.png,251,117
1126,Tao_Sitting/Tao_Sitting_clip0/89177596012.png,89,174
1127,Tao_Sitting/Tao_Sitting_clip0/89211596051.png,296,147
1128,Tao_Sitting/Tao_Sitting_clip0/89198595967.png,133,139
1129,Tao_Sitting/Tao_Sitting_clip0/89196926691.png,119,144
1130,Tao_Sitting/Tao_Sitting_clip0/89178926720.png,89,174
1131,Tao_Sitting/Tao_Sitting_clip7/90026933269.png,118,146
1132,Tao_Sitting/Tao_Sitting_clip7/90030923171.png,148,155
1133,Tao_Sitting/Tao_Sitting_clip7/90029592523.png,146,154
1134,Tao_Sitting/Tao_Sitting_clip7/90030592536.png,147,155
1135,Tao_Sitting/Tao_Sitting_clip7/90022592519.png,93,175
1136,Tao_Sitting/Tao_Sitting_clip7/90017592646.png,94,175
1137,Tao_Sitting/Tao_Sitting_clip7/90033592502.png,150,154
1138,Tao_Sitting/Tao_Sitting_clip7/90035592539.png,155,162
1139,Tao_Sitting/Tao_Sitting_clip7/90023923248.png,91,174
1140,Tao_Sitting/Tao_Sitting_clip7/90035262484.png,154,161
1141,Tao_Sitting/Tao_Sitting_clip7/90024592523.png,95,161
1142,Tao_Sitting/Tao_Sitting_clip7/90028262616.png,134,149
1143,Tao_Sitting/Tao_Sitting_clip7/90024262504.png,92,167
1144,Tao_Sitting/Tao_Sitting_clip7/90032933327.png,148,152
1145,Tao_Sitting/Tao_Sitting_clip7/90038262468.png,156,163
1146,Tao_Sitting/Tao_Sitting_clip7/90027262533.png,121,147
1147,Tao_Sitting/Tao_Sitting_clip7/90014923225.png,93,176
1148,Tao_Sitting/Tao_Sitting_clip7/90015923246.png,93,175
1149,Tao_Sitting/Tao_Sitting_clip7/90029262511.png,144,152
1150,Tao_Sitting/Tao_Sitting_clip7/90034923234.png,154,160
1151,Tao_Sitting/Tao_Sitting_clip7/90016923214.png,94,175
1152,Tao_Sitting/Tao_Sitting_clip7/90019933325.png,93,175
1153,Tao_Sitting/Tao_Sitting_clip7/90031592522.png,147,153
1154,Tao_Sitting/Tao_Sitting_clip7/90032262497.png,147,152
1155,Tao_Sitting/Tao_Sitting_clip7/90037262473.png,156,163
1156,Tao_Sitting/Tao_Sitting_clip7/90017262561.png,94,175
1157,Tao_Sitting/Tao_Sitting_clip7/90025592533.png,103,152
1158,Tao_Sitting/Tao_Sitting_clip7/90032592507.png,148,152
1159,Tao_Sitting/Tao_Sitting_clip7/90021592576.png,93,175
1160,Tao_Sitting/Tao_Sitting_clip7/90026592504.png,115,146
1161,Tao_Sitting/Tao_Sitting_clip7/90034592517.png,154,159
1162,Tao_Sitting/Tao_Sitting_clip7/90028592484.png,137,150
1163,Tao_Sitting/Tao_Sitting_clip7/90033923137.png,150,156
1164,Tao_Sitting/Tao_Sitting_clip7/90026262533.png,111,147
1165,Tao_Sitting/Tao_Sitting_clip7/90034262535.png,153,158
1166,Tao_Sitting/Tao_Sitting_clip7/90025262472.png,101,155
1167,Tao_Sitting/Tao_Sitting_clip7/90022262585.png,93,175
1168,Tao_Sitting/Tao_Sitting_clip7/90014592593.png,94,175
1169,Tao_Sitting/Tao_Sitting_clip7/90033262561.png,149,152
1170,Tao_Sitting/Tao_Sitting_clip7/90028923230.png,141,151
1171,Tao_Sitting/Tao_Sitting_clip7/90037923154.png,156,163
1172,Tao_Sitting/Tao_Sitting_clip7/90029933283.png,147,155
1173,Tao_Sitting/Tao_Sitting_clip7/90024923291.png,97,159
1174,Tao_Sitting/Tao_Sitting_clip7/90019262604.png,93,175
1175,Tao_Sitting/Tao_Sitting_clip7/90023592529.png,92,174
1176,Tao_Sitting/Tao_Sitting_clip7/90037592474.png,156,163
1177,Tao_Sitting/Tao_Sitting_clip7/90031923235.png,147,152
1178,Tao_Sitting/Tao_Sitting_clip7/90021923271.png,93,175
1179,Tao_Sitting/Tao_Sitting_clip7/90018923212.png,93,175
1180,Tao_Sitting/Tao_Sitting_clip7/90019592581.png,93,175
1181,Tao_Sitting/Tao_Sitting_clip7/90036592467.png,155,163
1182,Tao_Sitting/Tao_Sitting_clip7/90035923201.png,155,162
1183,Tao_Sitting/Tao_Sitting_clip7/90036933218.png,156,163
1184,Tao_Sitting/Tao_Sitting_clip7/90016262584.png,94,175
1185,Tao_Sitting/Tao_Sitting_clip7/90036262445.png,155,162
1186,Tao_Sitting/Tao_Sitting_clip7/90020592545.png,93,175
1187,Tao_Sitting/Tao_Sitting_clip7/90016592564.png,94,175
1188,Tao_Sitting/Tao_Sitting_clip7/90015262605.png,94,175
1189,Tao_Sitting/Tao_Sitting_clip7/90018592592.png,93,175
1190,Tao_Sitting/Tao_Sitting_clip7/90027592537.png,127,148
1191,Tao_Sitting/Tao_Sitting_clip7/90018262567.png,93,175
1192,Tao_Sitting/Tao_Sitting_clip7/90020262565.png,93,175
1193,Tao_Sitting/Tao_Sitting_clip7/90015592584.png,93,176
1194,Tao_Sitting/Tao_Sitting_clip7/90023262582.png,93,174
1195,Tao_Sitting/Tao_Sitting_clip7/90027923214.png,131,148
1196,Tao_Sitting/Tao_Sitting_clip7/90022923178.png,93,175
1197,Tao_Sitting/Tao_Sitting_clip7/90017923233.png,94,175
1198,Tao_Sitting/Tao_Sitting_clip7/90020923271.png,93,175
1199,Tao_Sitting/Tao_Sitting_clip7/90031262545.png,148,154
1200,Tao_Sitting/Tao_Sitting_clip7/90030262532.png,147,155
1201,Tao_Sitting/Tao_Sitting_clip7/90025933293.png,107,148
1202,Tao_Sitting/Tao_Sitting_clip9/90289261529.png,208,179
1203,Tao_Sitting/Tao_Sitting_clip9/90258591608.png,94,178
1204,Tao_Sitting/Tao_Sitting_clip9/90274932299.png,104,139
1205,Tao_Sitting/Tao_Sitting_clip9/90285261415.png,208,174
1206,Tao_Sitting/Tao_Sitting_clip9/90258932310.png,94,178
1207,Tao_Sitting/Tao_Sitting_clip9/90280261427.png,165,140
1208,Tao_Sitting/Tao_Sitting_clip9/90269591512.png,95,181
1209,Tao_Sitting/Tao_Sitting_clip9/90283932289.png,201,164
1210,Tao_Sitting/Tao_Sitting_clip9/90288932338.png,208,179
1211,Tao_Sitting/Tao_Sitting_clip9/90271261552.png,91,174
1212,Tao_Sitting/Tao_Sitting_clip9/90284261448.png,203,165
1213,Tao_Sitting/Tao_Sitting_clip9/90282261513.png,188,152
1214,Tao_Sitting/Tao_Sitting_clip9/90267591532.png,96,178
1215,Tao_Sitting/Tao_Sitting_clip9/90267932364.png,95,178
1216,Tao_Sitting/Tao_Sitting_clip9/90278261511.png,138,131
1217,Tao_Sitting/Tao_Sitting_clip9/90258261604.png,94,178
1218,Tao_Sitting/Tao_Sitting_clip9/90271932285.png,91,165
1219,Tao_Sitting/Tao_Sitting_clip9/90272261577.png,91,162
1220,Tao_Sitting/Tao_Sitting_clip9/90287591499.png,208,179
1221,Tao_Sitting/Tao_Sitting_clip9/90270591477.png,92,178
1222,Tao_Sitting/Tao_Sitting_clip9/90280932278.png,174,146
1223,Tao_Sitting/Tao_Sitting_clip9/90257591707.png,94,178
1224,Tao_Sitting/Tao_Sitting_clip9/90272932310.png,94,155
1225,Tao_Sitting/Tao_Sitting_clip9/90262261525.png,94,176
1226,Tao_Sitting/Tao_Sitting_clip9/90256932336.png,94,178
1227,Tao_Sitting/Tao_Sitting_clip9/90288591430.png,208,179
1228,Tao_Sitting/Tao_Sitting_clip9/90265932318.png,97,177
1229,Tao_Sitting/Tao_Sitting_clip9/90280591561.png,169,142
1230,Tao_Sitting/Tao_Sitting_clip9/90278591478.png,143,132
1231,Tao_Sitting/Tao_Sitting_clip9/90262932355.png,95,176
1232,Tao_Sitting/Tao_Sitting_clip9/90273261517.png,94,152
1233,Tao_Sitting/Tao_Sitting_clip9/90276591507.png,120,130
1234,Tao_Sitting/Tao_Sitting_clip9/90261932273.png,94,176
1235,Tao_Sitting/Tao_Sitting_clip9/90284591437.png,204,167
1236,Tao_Sitting/Tao_Sitting_clip9/90271591513.png,92,169
1237,Tao_Sitting/Tao_Sitting_clip9/90286932191.png,208,178
1238,Tao_Sitting/Tao_Sitting_clip9/90275932339.png,112,133
1239,Tao_Sitting/Tao_Sitting_clip9/90274591642.png,101,145
1240,Tao_Sitting/Tao_Sitting_clip9/90277261480.png,127,130
1241,Tao_Sitting/Tao_Sitting_clip9/90283261499.png,197,161
1242,Tao_Sitting/Tao_Sitting_clip9/90287261423.png,208,179
1243,Tao_Sitting/Tao_Sitting_clip9/90275261575.png,105,139
1244,Tao_Sitting/Tao_Sitting_clip9/90284932266.png,206,170
1245,Tao_Sitting/Tao_Sitting_clip9/90286261497.png,208,177
1246,Tao_Sitting/Tao_Sitting_clip9/90287932246.png,208,179
1247,Tao_Sitting/Tao_Sitting_clip9/90285932188.png,208,176
1248,Tao_Sitting/Tao_Sitting_clip9/90263261526.png,95,176
1249,Tao_Sitting/Tao_Sitting_clip9/90281591601.png,179,148
1250,Tao_Sitting/Tao_Sitting_clip9/90259261566.png,94,178
1251,Tao_Sitting/Tao_Sitting_clip9/90270932287.png,92,176
1252,Tao_Sitting/Tao_Sitting_clip9/90270261569.png,94,181
1253,Tao_Sitting/Tao_Sitting_clip9/90269261557.png,95,180
1254,Tao_Sitting/Tao_Sitting_clip9/90263932341.png,96,176
1255,Tao_Sitting/Tao_Sitting_clip9/90257261601.png,94,178
1256,Tao_Sitting/Tao_Sitting_clip9/90264932314.png,97,176
1257,Tao_Sitting/Tao_Sitting_clip9/90285591528.png,208,175
1258,Tao_Sitting/Tao_Sitting_clip9/90264591630.png,96,176
1259,Tao_Sitting/Tao_Sitting_clip9/90283591512.png,199,162
1260,Tao_Sitting/Tao_Sitting_clip9/90262591568.png,94,176
1261,Tao_Sitting/Tao_Sitting_clip9/90260932351.png,94,177
1262,Tao_Sitting/Tao_Sitting_clip9/90279932350.png,161,138
1263,Tao_Sitting/Tao_Sitting_clip9/90264261566.png,96,176
1264,Tao_Sitting/Tao_Sitting_clip9/90276932270.png,124,132
1265,Tao_Sitting/Tao_Sitting_clip9/90279591503.png,155,136
1266,Tao_Sitting/Tao_Sitting_clip9/90281932300.png,183,150
1267,Tao_Sitting/Tao_Sitting_clip9/90278932332.png,147,134
1268,Tao_Sitting/Tao_Sitting_clip9/90274261523.png,99,146
1269,Tao_Sitting/Tao_Sitting_clip9/90277932216.png,134,130
1270,Tao_Sitting/Tao_Sitting_clip9/90261591598.png,94,176
1271,Tao_Sitting/Tao_Sitting_clip9/90279261493.png,151,134
1272,Tao_Sitting/Tao_Sitting_clip9/90268591521.png,94,179
1273,Tao_Sitting/Tao_Sitting_clip9/90259591564.png,95,178
1274,Tao_Sitting/Tao_Sitting_clip9/90267261622.png,96,177
1275,Tao_Sitting/Tao_Sitting_clip9/90263591533.png,95,176
1276,Tao_Sitting/Tao_Sitting_clip9/90273932292.png,97,148
1277,Tao_Sitting/Tao_Sitting_clip9/90286591444.png,208,178
1278,Tao_Sitting/Tao_Sitting_clip9/90272591529.png,91,160
1279,Tao_Sitting/Tao_Sitting_clip9/90281261458.png,177,148
1280,Tao_Sitting/Tao_Sitting_clip9/90256591583.png,94,178
1281,Tao_Sitting/Tao_Sitting_clip9/90261261642.png,94,177
1282,Tao_Sitting/Tao_Sitting_clip9/90265261612.png,97,176
1283,Tao_Sitting/Tao_Sitting_clip9/90288261393.png,208,179
1284,Tao_Sitting/Tao_Sitting_clip9/90276261676.png,115,132
1285,Tao_Sitting/Tao_Sitting_clip9/90275591715.png,108,136
1286,Tao_Sitting/Tao_Sitting_clip9/90268261565.png,95,178
1287,Tao_Sitting/Tao_Sitting_clip9/90266261552.png,96,178
1288,Tao_Sitting/Tao_Sitting_clip9/90268932274.png,95,179
1289,Tao_Sitting/Tao_Sitting_clip9/90259932344.png,95,178
1290,Tao_Sitting/Tao_Sitting_clip9/90260591573.png,95,177
1291,Tao_Sitting/Tao_Sitting_clip9/90260261587.png,94,177
1292,Tao_Sitting/Tao_Sitting_clip9/90266932327.png,96,177
1293,Tao_Sitting/Tao_Sitting_clip9/90277591426.png,130,127
1294,Tao_Sitting/Tao_Sitting_clip9/90269932417.png,95,181
1295,Tao_Sitting/Tao_Sitting_clip9/90282932219.png,193,156
1296,Tao_Sitting/Tao_Sitting_clip9/90282591463.png,191,154
1297,Tao_Sitting/Tao_Sitting_clip9/90266591562.png,96,177
1298,Tao_Sitting/Tao_Sitting_clip9/90265591634.png,97,176
1299,Tao_Sitting/Tao_Sitting_clip9/90257932361.png,94,178
1300,Tao_Sitting/Tao_Sitting_clip9/90273591475.png,95,150
1301,Tao_Sitting/Tao_Sitting_clip14/90859259199.png,92,177
1302,Tao_Sitting/Tao_Sitting_clip14/90880589007.png,125,148
1303,Tao_Sitting/Tao_Sitting_clip14/90884258939.png,174,140
1304,Tao_Sitting/Tao_Sitting_clip14/90871929767.png,95,179
1305,Tao_Sitting/Tao_Sitting_clip14/90882588993.png,151,136
1306,Tao_Sitting/Tao_Sitting_clip14/90878259029.png,106,166
1307,Tao_Sitting/Tao_Sitting_clip14/90887929738.png,194,155
1308,Tao_Sitting/Tao_Sitting_clip14/90864589076.png,94,178
1309,Tao_Sitting/Tao_Sitting_clip14/90887588999.png,194,154
1310,Tao_Sitting/Tao_Sitting_clip14/90866259113.png,95,177
1311,Tao_Sitting/Tao_Sitting_clip14/90886929773.png,192,153
1312,Tao_Sitting/Tao_Sitting_clip14/90873589042.png,96,181
1313,Tao_Sitting/Tao_Sitting_clip14/90868259050.png,95,177
1314,Tao_Sitting/Tao_Sitting_clip14/90870589062.png,95,177
1315,Tao_Sitting/Tao_Sitting_clip14/90881588963.png,136,139
1316,Tao_Sitting/Tao_Sitting_clip14/90883589021.png,166,138
1317,Tao_Sitting/Tao_Sitting_clip14/90882259789.png,146,137
1318,Tao_Sitting/Tao_Sitting_clip14/90879929778.png,116,152
1319,Tao_Sitting/Tao_Sitting_clip14/90863929835.png,94,177
1320,Tao_Sitting/Tao_Sitting_clip14/90865259130.png,94,177
1321,Tao_Sitting/Tao_Sitting_clip14/90889589127.png,194,156
1322,Tao_Sitting/Tao_Sitting_clip14/90882929753.png,158,136
1323,Tao_Sitting/Tao_Sitting_clip14/90862929819.png,94,177
1324,Tao_Sitting/Tao_Sitting_clip14/90875259067.png,96,183
1325,Tao_Sitting/Tao_Sitting_clip14/90871589065.png,95,178
1326,Tao_Sitting/Tao_Sitting_clip14/90869929809.png,95,177
1327,Tao_Sitting/Tao_Sitting_clip14/90878589036.png,108,164
1328,Tao_Sitting/Tao_Sitting_clip14/90864929836.png,94,177
1329,Tao_Sitting/Tao_Sitting_clip14/90857929825.png,92,178
1330,Tao_Sitting/Tao_Sitting_clip14/90881258995.png,132,141
1331,Tao_Sitting/Tao_Sitting_clip14/90874589043.png,96,183
1332,Tao_Sitting/Tao_Sitting_clip14/90879259006.png,111,156
1333,Tao_Sitting/Tao_Sitting_clip14/90884929757.png,182,145
1334,Tao_Sitting/Tao_Sitting_clip14/90869259069.png,95,177
1335,Tao_Sitting/Tao_Sitting_clip14/90858929889.png,92,177
1336,Tao_Sitting/Tao_Sitting_clip14/90889929751.png,194,155
1337,Tao_Sitting/Tao_Sitting_clip14/90885259028.png,184,146
1338,Tao_Sitting/Tao_Sitting_clip14/90889259114.png,194,156
1339,Tao_Sitting/Tao_Sitting_clip14/90872589042.png,95,179
1340,Tao_Sitting/Tao_Sitting_clip14/90864259090.png,94,177
1341,Tao_Sitting/Tao_Sitting_clip14/90877259023.png,100,175
1342,Tao_Sitting/Tao_Sitting_clip14/90862259095.png,93,177
1343,Tao_Sitting/Tao_Sitting_clip14/90868589063.png,95,177
1344,Tao_Sitting/Tao_Sitting_clip14/90869589001.png,95,177
1345,Tao_Sitting/Tao_Sitting_clip14/90878929802.png,111,161
1346,Tao_Sitting/Tao_Sitting_clip14/90862589165.png,93,177
1347,Tao_Sitting/Tao_Sitting_clip14/90883929720.png,169,139
1348,Tao_Sitting/Tao_Sitting_clip14/90857589141.png,92,177
1349,Tao_Sitting/Tao_Sitting_clip14/90876929780.png,99,177
1350,Tao_Sitting/Tao_Sitting_clip14/90881929801.png,142,138
1351,Tao_Sitting/Tao_Sitting_clip14/90875589028.png,97,183
1352,Tao_Sitting/Tao_Sitting_clip14/90858589115.png,92,177
1353,Tao_Sitting/Tao_Sitting_clip14/90887258965.png,193,154
1354,Tao_Sitting/Tao_Sitting_clip14/90870929779.png,95,177
1355,Tao_Sitting/Tao_Sitting_clip14/90879589061.png,115,154
1356,Tao_Sitting/Tao_Sitting_clip14/90861929825.png,93,177
1357,Tao_Sitting/Tao_Sitting_clip14/90877589042.png,102,174
1358,Tao_Sitting/Tao_Sitting_clip14/90857259110.png,92,177
1359,Tao_Sitting/Tao_Sitting_clip14/90858259144.png,92,177
1360,Tao_Sitting/Tao_Sitting_clip14/90885588989.png,188,148
1361,Tao_Sitting/Tao_Sitting_clip14/90888258933.png,194,155
1362,Tao_Sitting/Tao_Sitting_clip14/90885929728.png,189,150
1363,Tao_Sitting/Tao_Sitting_clip14/90860259184.png,92,178
1364,Tao_Sitting/Tao_Sitting_clip14/90873259047.png,95,180
1365,Tao_Sitting/Tao_Sitting_clip14/90880259006.png,121,149
1366,Tao_Sitting/Tao_Sitting_clip14/90870259073.png,95,178
1367,Tao_Sitting/Tao_Sitting_clip14/90876589026.png,99,181
1368,Tao_Sitting/Tao_Sitting_clip14/90877929726.png,104,169
1369,Tao_Sitting/Tao_Sitting_clip14/90867259053.png,95,178
1370,Tao_Sitting/Tao_Sitting_clip14/90886259001.png,191,151
1371,Tao_Sitting/Tao_Sitting_clip14/90865589080.png,95,177
1372,Tao_Sitting/Tao_Sitting_clip14/90888588964.png,194,155
1373,Tao_Sitting/Tao_Sitting_clip14/90860589104.png,92,177
1374,Tao_Sitting/Tao_Sitting_clip14/90861259055.png,92,177
1375,Tao_Sitting/Tao_Sitting_clip14/90856929849.png,92,178
1376,Tao_Sitting/Tao_Sitting_clip14/90871259167.png,95,178
1377,Tao_Sitting/Tao_Sitting_clip14/90875929821.png,97,182
1378,Tao_Sitting/Tao_Sitting_clip14/90880929709.png,129,144
1379,Tao_Sitting/Tao_Sitting_clip14/90866589074.png,95,177
1380,Tao_Sitting/Tao_Sitting_clip14/90874929818.png,96,183
1381,Tao_Sitting/Tao_Sitting_clip14/90859929851.png,92,177
1382,Tao_Sitting/Tao_Sitting_clip14/90861589117.png,92,177
1383,Tao_Sitting/Tao_Sitting_clip14/90859589100.png,92,177
1384,Tao_Sitting/Tao_Sitting_clip14/90863259105.png,94,177
1385,Tao_Sitting/Tao_Sitting_clip14/90867929880.png,95,178
1386,Tao_Sitting/Tao_Sitting_clip14/90860929833.png,92,177
1387,Tao_Sitting/Tao_Sitting_clip14/90883258969.png,162,136
1388,Tao_Sitting/Tao_Sitting_clip14/90884588989.png,176,141
1389,Tao_Sitting/Tao_Sitting_clip14/90867589072.png,95,177
1390,Tao_Sitting/Tao_Sitting_clip14/90873929895.png,96,182
1391,Tao_Sitting/Tao_Sitting_clip14/90868929802.png,95,177
1392,Tao_Sitting/Tao_Sitting_clip14/90888929760.png,194,156
1393,Tao_Sitting/Tao_Sitting_clip14/90866929819.png,95,177
1394,Tao_Sitting/Tao_Sitting_clip14/90886589144.png,191,152
1395,Tao_Sitting/Tao_Sitting_clip14/90874259108.png,96,182
1396,Tao_Sitting/Tao_Sitting_clip14/90876259943.png,97,182
1397,Tao_Sitting/Tao_Sitting_clip14/90872929946.png,95,180
1398,Tao_Sitting/Tao_Sitting_clip14/90863589145.png,94,177
1399,Tao_Sitting/Tao_Sitting_clip14/90865929806.png,95,177
1400,Tao_Sitting/Tao_Sitting_clip14/90872258993.png,95,179
1401,Tao_Sitting/Tao_Sitting_clip13/90735259583.png,93,176
1402,Tao_Sitting/Tao_Sitting_clip13/90738930327.png,93,176
1403,Tao_Sitting/Tao_Sitting_clip13/90738259594.png,93,176
1404,Tao_Sitting/Tao_Sitting_clip13/90761589584.png,114,151
1405,Tao_Sitting/Tao_Sitting_clip13/90743930351.png,93,175
1406,Tao_Sitting/Tao_Sitting_clip13/90761930238.png,117,150
1407,Tao_Sitting/Tao_Sitting_clip13/90746930362.png,95,177
1408,Tao_Sitting/Tao_Sitting_clip13/90750259553.png,93,179
1409,Tao_Sitting/Tao_Sitting_clip13/90750589529.png,92,178
1410,Tao_Sitting/Tao_Sitting_clip13/90772589497.png,211,195
1411,Tao_Sitting/Tao_Sitting_clip13/90761259517.png,111,153
1412,Tao_Sitting/Tao_Sitting_clip13/90766589455.png,184,167
1413,Tao_Sitting/Tao_Sitting_clip13/90742259569.png,94,175
1414,Tao_Sitting/Tao_Sitting_clip13/90746589796.png,94,176
1415,Tao_Sitting/Tao_Sitting_clip13/90741930311.png,94,175
1416,Tao_Sitting/Tao_Sitting_clip13/90747259614.png,95,176
1417,Tao_Sitting/Tao_Sitting_clip13/90767259448.png,195,173
1418,Tao_Sitting/Tao_Sitting_clip13/90763589462.png,141,148
1419,Tao_Sitting/Tao_Sitting_clip13/90773589552.png,212,195
1420,Tao_Sitting/Tao_Sitting_clip13/90763259425.png,135,147
1421,Tao_Sitting/Tao_Sitting_clip13/90740589569.png,93,175
1422,Tao_Sitting/Tao_Sitting_clip13/90745589638.png,93,175
1423,Tao_Sitting/Tao_Sitting_clip13/90766930299.png,190,170
1424,Tao_Sitting/Tao_Sitting_clip13/90753589531.png,94,153
1425,Tao_Sitting/Tao_Sitting_clip13/90752259476.png,93,163
1426,Tao_Sitting/Tao_Sitting_clip13/90768589459.png,206,183
1427,Tao_Sitting/Tao_Sitting_clip13/90756930281.png,100,153
1428,Tao_Sitting/Tao_Sitting_clip13/90743259518.png,94,175
1429,Tao_Sitting/Tao_Sitting_clip13/90765589602.png,169,157
1430,Tao_Sitting/Tao_Sitting_clip13/90756589572.png,100,152
1431,Tao_Sitting/Tao_Sitting_clip13/90772259472.png,211,195
1432,Tao_Sitting/Tao_Sitting_clip13/90747589597.png,95,177
1433,Tao_Sitting/Tao_Sitting_clip13/90770589502.png,211,193
1434,Tao_Sitting/Tao_Sitting_clip13/90740259562.png,93,175
1435,Tao_Sitting/Tao_Sitting_clip13/90737259617.png,93,176
1436,Tao_Sitting/Tao_Sitting_clip13/90765930223.png,174,161
1437,Tao_Sitting/Tao_Sitting_clip13/90771930157.png,212,195
1438,Tao_Sitting/Tao_Sitting_clip13/90754930310.png,98,151
1439,Tao_Sitting/Tao_Sitting_clip13/90751259547.png,93,173
1440,Tao_Sitting/Tao_Sitting_clip13/90758589552.png,100,159
1441,Tao_Sitting/Tao_Sitting_clip13/90744930340.png,93,175
1442,Tao_Sitting/Tao_Sitting_clip13/90771259487.png,212,194
1443,Tao_Sitting/Tao_Sitting_clip13/90745930322.png,94,176
1444,Tao_Sitting/Tao_Sitting_clip13/90736930365.png,93,177
1445,Tao_Sitting/Tao_Sitting_clip13/90760589551.png,106,154
1446,Tao_Sitting/Tao_Sitting_clip13/90744589601.png,93,175
1447,Tao_Sitting/Tao_Sitting_clip13/90765259520.png,164,152
1448,Tao_Sitting/Tao_Sitting_clip13/90759589496.png,102,156
1449,Tao_Sitting/Tao_Sitting_clip13/90737930459.png,93,176
1450,Tao_Sitting/Tao_Sitting_clip13/90762259545.png,122,150
1451,Tao_Sitting/Tao_Sitting_clip13/90740930328.png,93,175
1452,Tao_Sitting/Tao_Sitting_clip13/90752589519.png,92,160
1453,Tao_Sitting/Tao_Sitting_clip13/90762930269.png,132,147
1454,Tao_Sitting/Tao_Sitting_clip13/90754259558.png,96,151
1455,Tao_Sitting/Tao_Sitting_clip13/90773259428.png,212,195
1456,Tao_Sitting/Tao_Sitting_clip13/90768930224.png,209,188
1457,Tao_Sitting/Tao_Sitting_clip13/90741589609.png,93,175
1458,Tao_Sitting/Tao_Sitting_clip13/90739589529.png,93,176
1459,Tao_Sitting/Tao_Sitting_clip13/90755589542.png,98,151
1460,Tao_Sitting/Tao_Sitting_clip13/90757589501.png,101,155
1461,Tao_Sitting/Tao_Sitting_clip13/90742589576.png,94,175
1462,Tao_Sitting/Tao_Sitting_clip13/90739259600.png,93,176
1463,Tao_Sitting/Tao_Sitting_clip13/90753930418.png,95,152
1464,Tao_Sitting/Tao_Sitting_clip13/90768259470.png,204,181
1465,Tao_Sitting/Tao_Sitting_clip13/90749259510.png,93,178
1466,Tao_Sitting/Tao_Sitting_clip13/90739930313.png,93,175
1467,Tao_Sitting/Tao_Sitting_clip13/90735930359.png,93,176
1468,Tao_Sitting/Tao_Sitting_clip13/90735589590.png,93,176
1469,Tao_Sitting/Tao_Sitting_clip13/90767930257.png,202,179
1470,Tao_Sitting/Tao_Sitting_clip13/90767589461.png,199,177
1471,Tao_Sitting/Tao_Sitting_clip13/90769259404.png,211,190
1472,Tao_Sitting/Tao_Sitting_clip13/90755259523.png,97,150
1473,Tao_Sitting/Tao_Sitting_clip13/90748259564.png,94,177
1474,Tao_Sitting/Tao_Sitting_clip13/90748930300.png,94,177
1475,Tao_Sitting/Tao_Sitting_clip13/90752930327.png,92,159
1476,Tao_Sitting/Tao_Sitting_clip13/90769930264.png,211,192
1477,Tao_Sitting/Tao_Sitting_clip13/90772930224.png,211,195
1478,Tao_Sitting/Tao_Sitting_clip13/90738589622.png,93,176
1479,Tao_Sitting/Tao_Sitting_clip13/90764930267.png,159,151
1480,Tao_Sitting/Tao_Sitting_clip13/90753259482.png,94,155
1481,Tao_Sitting/Tao_Sitting_clip13/90743589537.png,94,175
1482,Tao_Sitting/Tao_Sitting_clip13/90736589563.png,93,176
1483,Tao_Sitting/Tao_Sitting_clip13/90748589531.png,94,177
1484,Tao_Sitting/Tao_Sitting_clip13/90769589450.png,211,192
1485,Tao_Sitting/Tao_Sitting_clip13/90749930370.png,93,179
1486,Tao_Sitting/Tao_Sitting_clip13/90755930368.png,99,151
1487,Tao_Sitting/Tao_Sitting_clip13/90756259505.png,99,152
1488,Tao_Sitting/Tao_Sitting_clip13/90759930282.png,103,155
1489,Tao_Sitting/Tao_Sitting_clip13/90758930279.png,100,159
1490,Tao_Sitting/Tao_Sitting_clip13/90746259532.png,94,176
1491,Tao_Sitting/Tao_Sitting_clip13/90737589612.png,93,176
1492,Tao_Sitting/Tao_Sitting_clip13/90758259555.png,101,156
1493,Tao_Sitting/Tao_Sitting_clip13/90757930239.png,101,155
1494,Tao_Sitting/Tao_Sitting_clip13/90745259498.png,93,175
1495,Tao_Sitting/Tao_Sitting_clip13/90766259427.png,180,165
1496,Tao_Sitting/Tao_Sitting_clip13/90741259623.png,93,175
1497,Tao_Sitting/Tao_Sitting_clip13/90771589657.png,212,195
1498,Tao_Sitting/Tao_Sitting_clip13/90770930177.png,211,194
1499,Tao_Sitting/Tao_Sitting_clip13/90760930286.png,108,154
1500,Tao_Sitting/Tao_Sitting_clip13/90759259468.png,102,156
1501,Tao_Sitting/Tao_Sitting_clip13/90754589559.png,97,150
1502,Tao_Sitting/Tao_Sitting_clip13/90742930314.png,94,175
1503,Tao_Sitting/Tao_Sitting_clip13/90751930238.png,93,166
1504,Tao_Sitting/Tao_Sitting_clip13/90749589526.png,93,178
1505,Tao_Sitting/Tao_Sitting_clip13/90763930261.png,146,148
1506,Tao_Sitting/Tao_Sitting_clip13/90750930298.png,92,176
1507,Tao_Sitting/Tao_Sitting_clip13/90762589555.png,127,149
1508,Tao_Sitting/Tao_Sitting_clip13/90764259474.png,150,148
1509,Tao_Sitting/Tao_Sitting_clip13/90760259550.png,104,155
1510,Tao_Sitting/Tao_Sitting_clip13/90770259462.png,211,193
1511,Tao_Sitting/Tao_Sitting_clip13/90764589544.png,154,150
1512,Tao_Sitting/Tao_Sitting_clip13/90744259616.png,93,174
1513,Tao_Sitting/Tao_Sitting_clip13/90747930324.png,94,177
1514,Tao_Sitting/Tao_Sitting_clip13/90751589551.png,93,169
1515,Tao_Sitting/Tao_Sitting_clip13/90736259626.png,93,176
1516,Tao_Sitting/Tao_Sitting_clip13/90757259539.png,101,154
1517,Tao_Sitting/Tao_Sitting_clip12/90626590061.png,94,176
1518,Tao_Sitting/Tao_Sitting_clip12/90646590080.png,119,133
1519,Tao_Sitting/Tao_Sitting_clip12/90639260047.png,92,179
1520,Tao_Sitting/Tao_Sitting_clip12/90645260108.png,107,133
1521,Tao_Sitting/Tao_Sitting_clip12/90637259949.png,95,177
1522,Tao_Sitting/Tao_Sitting_clip12/90650260009.png,153,163
1523,Tao_Sitting/Tao_Sitting_clip12/90628590041.png,94,175
1524,Tao_Sitting/Tao_Sitting_clip12/90653930741.png,158,178
1525,Tao_Sitting/Tao_Sitting_clip12/90640259960.png,88,175
1526,Tao_Sitting/Tao_Sitting_clip12/90647260001.png,126,137
1527,Tao_Sitting/Tao_Sitting_clip12/90654259948.png,158,178
1528,Tao_Sitting/Tao_Sitting_clip12/90654930678.png,158,178
1529,Tao_Sitting/Tao_Sitting_clip12/90640930730.png,87,169
1530,Tao_Sitting/Tao_Sitting_clip12/90649930808.png,151,161
1531,Tao_Sitting/Tao_Sitting_clip12/90641260003.png,87,166
1532,Tao_Sitting/Tao_Sitting_clip12/90647589990.png,129,140
1533,Tao_Sitting/Tao_Sitting_clip12/90633930798.png,95,176
1534,Tao_Sitting/Tao_Sitting_clip12/90627590038.png,94,176
1535,Tao_Sitting/Tao_Sitting_clip12/90629590033.png,94,175
1536,Tao_Sitting/Tao_Sitting_clip12/90642589974.png,94,152
1537,Tao_Sitting/Tao_Sitting_clip12/90644930771.png,105,134
1538,Tao_Sitting/Tao_Sitting_clip12/90626260045.png,94,176
1539,Tao_Sitting/Tao_Sitting_clip12/90646930685.png,124,136
1540,Tao_Sitting/Tao_Sitting_clip12/90648259968.png,135,146
1541,Tao_Sitting/Tao_Sitting_clip12/90642260022.png,92,156
1542,Tao_Sitting/Tao_Sitting_clip12/90652259977.png,159,175
1543,Tao_Sitting/Tao_Sitting_clip12/90655589943.png,158,178
1544,Tao_Sitting/Tao_Sitting_clip12/90650589964.png,154,165
1545,Tao_Sitting/Tao_Sitting_clip12/90630930778.png,94,175
1546,Tao_Sitting/Tao_Sitting_clip12/90632590065.png,95,175
1547,Tao_Sitting/Tao_Sitting_clip12/90632930921.png,95,174
1548,Tao_Sitting/Tao_Sitting_clip12/90649590006.png,147,156
1549,Tao_Sitting/Tao_Sitting_clip12/90650930715.png,155,166
1550,Tao_Sitting/Tao_Sitting_clip12/90653589936.png,158,178
1551,Tao_Sitting/Tao_Sitting_clip12/90645590000.png,111,133
1552,Tao_Sitting/Tao_Sitting_clip12/90647930734.png,133,144
1553,Tao_Sitting/Tao_Sitting_clip12/90653259971.png,158,177
1554,Tao_Sitting/Tao_Sitting_clip12/90651589974.png,156,170
1555,Tao_Sitting/Tao_Sitting_clip12/90634930759.png,95,176
1556,Tao_Sitting/Tao_Sitting_clip12/90654589945.png,158,178
1557,Tao_Sitting/Tao_Sitting_clip12/90651930827.png,159,174
1558,Tao_Sitting/Tao_Sitting_clip12/90633590063.png,96,175
1559,Tao_Sitting/Tao_Sitting_clip12/90644259969.png,102,136
1560,Tao_Sitting/Tao_Sitting_clip12/90628930753.png,94,175
1561,Tao_Sitting/Tao_Sitting_clip12/90627930855.png,94,176
1562,Tao_Sitting/Tao_Sitting_clip12/90636930872.png,95,178
1563,Tao_Sitting/Tao_Sitting_clip12/90637589996.png,95,178
1564,Tao_Sitting/Tao_Sitting_clip12/90631930779.png,95,174
1565,Tao_Sitting/Tao_Sitting_clip12/90639590033.png,90,177
1566,Tao_Sitting/Tao_Sitting_clip12/90639930744.png,88,176
1567,Tao_Sitting/Tao_Sitting_clip12/90636590067.png,95,177
1568,Tao_Sitting/Tao_Sitting_clip12/90655930706.png,159,178
1569,Tao_Sitting/Tao_Sitting_clip12/90635590091.png,95,177
1570,Tao_Sitting/Tao_Sitting_clip12/90640590006.png,87,173
1571,Tao_Sitting/Tao_Sitting_clip12/90648930741.png,141,151
1572,Tao_Sitting/Tao_Sitting_clip12/90626930806.png,94,176
1573,Tao_Sitting/Tao_Sitting_clip12/90643930747.png,99,139
1574,Tao_Sitting/Tao_Sitting_clip12/90637930770.png,95,179
1575,Tao_Sitting/Tao_Sitting_clip12/90630260069.png,94,175
1576,Tao_Sitting/Tao_Sitting_clip12/90651260015.png,156,169
1577,Tao_Sitting/Tao_Sitting_clip12/90636260091.png,95,177
1578,Tao_Sitting/Tao_Sitting_clip12/90633260101.png,96,175
1579,Tao_Sitting/Tao_Sitting_clip12/90645930778.png,112,133
1580,Tao_Sitting/Tao_Sitting_clip12/90625930820.png,94,176
1581,Tao_Sitting/Tao_Sitting_clip12/90627260070.png,94,176
1582,Tao_Sitting/Tao_Sitting_clip12/90638930907.png,93,180
1583,Tao_Sitting/Tao_Sitting_clip12/90643590008.png,97,141
1584,Tao_Sitting/Tao_Sitting_clip12/90655259951.png,158,178
1585,Tao_Sitting/Tao_Sitting_clip12/90649259963.png,146,153
1586,Tao_Sitting/Tao_Sitting_clip12/90643260001.png,97,146
1587,Tao_Sitting/Tao_Sitting_clip12/90644590127.png,103,136
1588,Tao_Sitting/Tao_Sitting_clip12/90631260030.png,94,175
1589,Tao_Sitting/Tao_Sitting_clip12/90635260060.png,95,177
1590,Tao_Sitting/Tao_Sitting_clip12/90635930790.png,95,177
1591,Tao_Sitting/Tao_Sitting_clip12/90638260004.png,94,180
1592,Tao_Sitting/Tao_Sitting_clip12/90638589984.png,94,180
1593,Tao_Sitting/Tao_Sitting_clip12/90641590007.png,89,163
1594,Tao_Sitting/Tao_Sitting_clip12/90628260041.png,94,176
1595,Tao_Sitting/Tao_Sitting_clip12/90634260059.png,95,176
1596,Tao_Sitting/Tao_Sitting_clip12/90630590028.png,94,175
1597,Tao_Sitting/Tao_Sitting_clip12/90634590093.png,95,177
1598,Tao_Sitting/Tao_Sitting_clip12/90629260183.png,94,175
1599,Tao_Sitting/Tao_Sitting_clip12/90629930832.png,94,175
1600,Tao_Sitting/Tao_Sitting_clip12/90646259994.png,114,132
1601,Tao_Sitting/Tao_Sitting_clip12/90652589938.png,159,176
1602,Tao_Sitting/Tao_Sitting_clip12/90642930743.png,95,149
1603,Tao_Sitting/Tao_Sitting_clip12/90641930788.png,90,160
1604,Tao_Sitting/Tao_Sitting_clip12/90632260064.png,95,174
1605,Tao_Sitting/Tao_Sitting_clip12/90648589930.png,138,149
1606,Tao_Sitting/Tao_Sitting_clip12/90652930704.png,159,176
1607,Tao_Sitting/Tao_Sitting_clip12/90631590058.png,95,174
1608,Tao_Sitting/Tao_Sitting_clip15/91003929307.png,169,149
1609,Tao_Sitting/Tao_Sitting_clip15/90998258540.png,98,148
1610,Tao_Sitting/Tao_Sitting_clip15/90992929294.png,86,166
1611,Tao_Sitting/Tao_Sitting_clip15/90999929319.png,118,144
1612,Tao_Sitting/Tao_Sitting_clip15/90995588512.png,79,154
1613,Tao_Sitting/Tao_Sitting_clip15/90986929321.png,96,181
1614,Tao_Sitting/Tao_Sitting_clip15/90990259335.png,91,188
1615,Tao_Sitting/Tao_Sitting_clip15/91006588549.png,194,156
1616,Tao_Sitting/Tao_Sitting_clip15/90982929358.png,95,178
1617,Tao_Sitting/Tao_Sitting_clip15/91009258417.png,199,164
1618,Tao_Sitting/Tao_Sitting_clip15/90975929365.png,93,180
1619,Tao_Sitting/Tao_Sitting_clip15/91007588507.png,197,161
1620,Tao_Sitting/Tao_Sitting_clip15/91010929172.png,199,165
1621,Tao_Sitting/Tao_Sitting_clip15/91000929254.png,130,141
1622,Tao_Sitting/Tao_Sitting_clip15/90985929311.png,96,179
1623,Tao_Sitting/Tao_Sitting_clip15/91003588541.png,166,148
1624,Tao_Sitting/Tao_Sitting_clip15/90988588553.png,94,183
1625,Tao_Sitting/Tao_Sitting_clip15/91008258477.png,198,162
1626,Tao_Sitting/Tao_Sitting_clip15/91001588489.png,138,141
1627,Tao_Sitting/Tao_Sitting_clip15/91009929205.png,199,165
1628,Tao_Sitting/Tao_Sitting_clip15/90997588556.png,92,150
1629,Tao_Sitting/Tao_Sitting_clip15/90982258573.png,95,179
1630,Tao_Sitting/Tao_Sitting_clip15/91004588524.png,177,148
1631,Tao_Sitting/Tao_Sitting_clip15/90976929435.png,94,179
1632,Tao_Sitting/Tao_Sitting_clip15/90978929370.png,94,179
1633,Tao_Sitting/Tao_Sitting_clip15/90979588587.png,94,179
1634,Tao_Sitting/Tao_Sitting_clip15/91008588523.png,199,163
1635,Tao_Sitting/Tao_Sitting_clip15/90989929301.png,92,188
1636,Tao_Sitting/Tao_Sitting_clip15/90978588568.png,93,179
1637,Tao_Sitting/Tao_Sitting_clip15/91004258511.png,174,149
1638,Tao_Sitting/Tao_Sitting_clip15/90994929226.png,79,159
1639,Tao_Sitting/Tao_Sitting_clip15/90990588582.png,92,184
1640,Tao_Sitting/Tao_Sitting_clip15/91001258494.png,136,145
1641,Tao_Sitting/Tao_Sitting_clip15/90986258784.png,97,180
1642,Tao_Sitting/Tao_Sitting_clip15/90992258579.png,88,173
1643,Tao_Sitting/Tao_Sitting_clip15/90982588631.png,95,178
1644,Tao_Sitting/Tao_Sitting_clip15/90983588532.png,96,178
1645,Tao_Sitting/Tao_Sitting_clip15/90997259285.png,89,150
1646,Tao_Sitting/Tao_Sitting_clip15/90985259269.png,97,178
1647,Tao_Sitting/Tao_Sitting_clip15/91000258542.png,121,145
1648,Tao_Sitting/Tao_Sitting_clip15/91006258424.png,192,155
1649,Tao_Sitting/Tao_Sitting_clip15/91005259242.png,184,151
1650,Tao_Sitting/Tao_Sitting_clip15/90979929410.png,94,179
1651,Tao_Sitting/Tao_Sitting_clip15/91010588582.png,199,165
1652,Tao_Sitting/Tao_Sitting_clip15/90983258561.png,95,178
1653,Tao_Sitting/Tao_Sitting_clip15/90995929284.png,79,153
1654,Tao_Sitting/Tao_Sitting_clip15/90991588534.png,88,178
1655,Tao_Sitting/Tao_Sitting_clip15/91006929221.png,197,159
1656,Tao_Sitting/Tao_Sitting_clip15/90989588554.png,93,188
1657,Tao_Sitting/Tao_Sitting_clip15/90984259347.png,96,178
1658,Tao_Sitting/Tao_Sitting_clip15/90994259317.png,79,160
1659,Tao_Sitting/Tao_Sitting_clip15/90983929361.png,96,178
1660,Tao_Sitting/Tao_Sitting_clip15/91001929297.png,146,146
1661,Tao_Sitting/Tao_Sitting_clip15/91005588527.png,188,153
1662,Tao_Sitting/Tao_Sitting_clip15/90977258609.png,94,179
1663,Tao_Sitting/Tao_Sitting_clip15/90984929307.png,96,178
1664,Tao_Sitting/Tao_Sitting_clip15/90987929327.png,96,182
1665,Tao_Sitting/Tao_Sitting_clip15/90991258560.png,89,180
1666,Tao_Sitting/Tao_Sitting_clip15/90988929343.png,95,188
1667,Tao_Sitting/Tao_Sitting_clip15/90998588550.png,99,148
1668,Tao_Sitting/Tao_Sitting_clip15/91000588491.png,125,142
1669,Tao_Sitting/Tao_Sitting_clip15/91009588415.png,199,164
1670,Tao_Sitting/Tao_Sitting_clip15/91002929291.png,157,146
1671,Tao_Sitting/Tao_Sitting_clip15/90987588568.png,96,181
1672,Tao_Sitting/Tao_Sitting_clip15/90984588602.png,96,178
1673,Tao_Sitting/Tao_Sitting_clip15/90981588591.png,94,179
1674,Tao_Sitting/Tao_Sitting_clip15/90993929289.png,80,162
1675,Tao_Sitting/Tao_Sitting_clip15/90996258681.png,81,152
1676,Tao_Sitting/Tao_Sitting_clip15/90995258514.png,79,155
1677,Tao_Sitting/Tao_Sitting_clip15/90996929284.png,86,150
1678,Tao_Sitting/Tao_Sitting_clip15/90976588637.png,93,179
1679,Tao_Sitting/Tao_Sitting_clip15/91007258467.png,197,160
1680,Tao_Sitting/Tao_Sitting_clip15/90996588606.png,83,151
1681,Tao_Sitting/Tao_Sitting_clip15/91003259304.png,163,147
1682,Tao_Sitting/Tao_Sitting_clip15/90998929271.png,104,148
1683,Tao_Sitting/Tao_Sitting_clip15/90978258643.png,94,179
1684,Tao_Sitting/Tao_Sitting_clip15/90990929245.png,90,182
1685,Tao_Sitting/Tao_Sitting_clip15/90976259351.png,93,179
1686,Tao_Sitting/Tao_Sitting_clip15/90997929234.png,96,149
1687,Tao_Sitting/Tao_Sitting_clip15/91010259239.png,199,165
1688,Tao_Sitting/Tao_Sitting_clip15/90992588532.png,87,168
1689,Tao_Sitting/Tao_Sitting_clip15/90988258543.png,95,182
1690,Tao_Sitting/Tao_Sitting_clip15/90977929373.png,93,179
1691,Tao_Sitting/Tao_Sitting_clip15/91004929244.png,180,149
1692,Tao_Sitting/Tao_Sitting_clip15/90980258837.png,94,179
1693,Tao_Sitting/Tao_Sitting_clip15/90981258539.png,94,179
1694,Tao_Sitting/Tao_Sitting_clip15/91005929226.png,189,153
1695,Tao_Sitting/Tao_Sitting_clip15/91002258540.png,150,146
1696,Tao_Sitting/Tao_Sitting_clip15/90994588584.png,79,159
1697,Tao_Sitting/Tao_Sitting_clip15/90999258517.png,107,147
1698,Tao_Sitting/Tao_Sitting_clip15/90993588683.png,82,163
1699,Tao_Sitting/Tao_Sitting_clip15/90986588621.png,96,180
1700,Tao_Sitting/Tao_Sitting_clip15/91007929201.png,198,162
1701,Tao_Sitting/Tao_Sitting_clip15/91008929240.png,199,163
1702,Tao_Sitting/Tao_Sitting_clip15/90999588557.png,112,145
1703,Tao_Sitting/Tao_Sitting_clip15/90977588586.png,94,180
1704,Tao_Sitting/Tao_Sitting_clip15/90981929348.png,95,179
1705,Tao_Sitting/Tao_Sitting_clip15/90979258722.png,94,179
1706,Tao_Sitting/Tao_Sitting_clip15/90991929287.png,88,176
1707,Tao_Sitting/Tao_Sitting_clip15/90993258574.png,85,164
1708,Tao_Sitting/Tao_Sitting_clip15/90980929314.png,94,180
1709,Tao_Sitting/Tao_Sitting_clip15/91002588462.png,154,145
1710,Tao_Sitting/Tao_Sitting_clip15/90980588609.png,94,179
1711,Tao_Sitting/Tao_Sitting_clip15/90985588564.png,96,179
1712,Tao_Sitting/Tao_Sitting_clip15/90987258549.png,96,181
